LEA_STATE,YEAR,gap_var,b1,b2,b3,b4,n_gt1,min,max,n
AK,2011,ENR_AP_GAP_AS,1.126675321,1.338636364,2.069740916,2.439814815,6,0.382653061,2.724009901,10
AK,2011,ENR_AP_GAP_BL,1.191348033,1.457466238,2.060624787,2.610252754,4,0.038366337,3.13311543,7
AK,2011,ENR_AP_GAP_HI,1.052083333,1.389520202,1.611434739,1.744360902,6,0.181034483,1.899491908,10
AK,2013,ENR_AP_GAP_AS,1.082222531,1.11085514,1.150935991,1.244971828,5,0.282047364,1.424050633,11
AK,2013,ENR_AP_GAP_BL,1.793444272,1.970924688,2.111612542,2.215507833,3,0.282051282,2.319403125,7
AK,2013,ENR_AP_GAP_HI,1.282861232,1.486899502,1.805347055,2.247261631,5,0.42721519,2.897590361,9
AK,2017,ENR_AP_GAP_AS,1.274490045,1.283103448,1.284984242,1.7404948,5,0.098765432,3.552631579,13
AK,2017,ENR_AP_GAP_BL,1.201923077,1.957161812,1.986265188,2.333377804,6,0.905325444,3.308843537,7
AK,2017,ENR_AP_GAP_HI,1.33639576,1.416718266,1.488188002,1.564432939,6,0.69408284,2.400070435,9
AK,2020,ENR_AP_GAP_AS,1.391109854,1.52127624,1.713484032,1.909165731,5,0.414473684,1.909465021,10
AK,2020,ENR_AP_GAP_BL,1.20339517,1.404609799,1.690493335,1.899992513,4,0.236842105,2.07129951,6
AK,2020,ENR_AP_GAP_HI,1.132839725,1.396226438,2.053715716,2.746869313,7,0.196261682,2.930232558,11
AK,2021,ENR_AP_GAP_AS,1.098922429,1.318159611,1.425293473,1.720265152,8,0.357142857,3.480662983,11
AK,2021,ENR_AP_GAP_BL,1.319736906,1.731493881,1.991461192,2.021603729,5,0.417721519,2.127311248,7
AK,2021,ENR_AP_GAP_HI,1.511111487,1.664010149,1.84140988,1.942327242,7,0.285714286,3.779005525,10
AL,2011,ENR_AP_GAP_AS,1.975406195,2.467761543,2.960116891,3.452472238,2,0.054918187,3.944827586,53
AL,2011,ENR_AP_GAP_BL,1.569109011,2.054313796,2.931279494,4.613445448,64,0.253547777,13,72
AL,2011,ENR_AP_GAP_HI,1.218883396,1.480164393,1.698238024,2.145973397,33,0.130890052,5.859955752,50
AL,2013,ENR_AP_GAP_AS,1.161604271,1.285141503,1.533203046,1.797552482,5,0.010721944,1.829867675,55
AL,2013,ENR_AP_GAP_BL,1.520463262,2.03761956,2.663126997,3.978322007,65,0.3125,23.95205479,78
AL,2013,ENR_AP_GAP_HI,1.303632311,1.627528275,1.977156026,2.877737635,43,0.12154294,14.01718547,52
AL,2017,ENR_AP_GAP_AS,1.065739967,1.157819225,1.233870968,1.278106509,6,0.046620047,2.059991725,69
AL,2017,ENR_AP_GAP_BL,1.433838958,1.918320789,2.471962617,3.367892977,71,0.252940375,7.5355233,89
AL,2017,ENR_AP_GAP_HI,1.327225887,1.857004711,2.198836374,2.666500333,55,0.565438374,22.04844498,64
AL,2020,ENR_AP_GAP_AS,1.012055838,1.03343465,1.082474227,1.08875,11,0.032490975,18.36434109,72
AL,2020,ENR_AP_GAP_BL,1.4514174,1.953977061,2.588232956,3.222379603,81,0.097207304,7.416309013,101
AL,2020,ENR_AP_GAP_HI,1.37708703,2.057184031,2.421385955,3.399553193,57,0.056994819,22.64206642,70
AL,2021,ENR_AP_GAP_AS,1.094512057,1.198285624,1.444726985,2.001162458,9,0.096899225,3.081255028,68
AL,2021,ENR_AP_GAP_BL,1.543602082,1.871718169,2.257257683,3.33364486,74,0.288888889,7.318860244,90
AL,2021,ENR_AP_GAP_HI,1.497566127,1.86595086,2.332056544,3.087188105,64,0.387596899,6.844155844,82
AR,2011,ENR_AP_GAP_AS,1.240185692,1.377918847,1.455047888,1.713796443,8,0.066666667,1.859673025,82
AR,2011,ENR_AP_GAP_BL,1.265897648,1.656171487,2.184577568,3.271345699,94,0.04516129,9.415584416,134
AR,2011,ENR_AP_GAP_HI,1.297892687,1.48735106,1.792181716,2.407050812,67,0.047692308,17.27709152,125
AR,2013,ENR_AP_GAP_AS,1.069621918,1.142644586,1.303257668,2.06711536,8,0.02994012,5.068965517,89
AR,2013,ENR_AP_GAP_BL,1.355245873,1.700758183,2.34728573,3.141222678,83,0.077464789,7.206625259,120
AR,2013,ENR_AP_GAP_HI,1.229005168,1.415560915,1.751642047,2.292591719,64,0.018817204,10.53731884,122
AR,2017,ENR_AP_GAP_AS,1.082954268,1.123780488,1.259721457,1.612545405,15,0.05,2.853012048,101
AR,2017,ENR_AP_GAP_BL,1.288434786,1.74812002,2.093954864,2.839840696,97,0.014492754,6.162196679,131
AR,2017,ENR_AP_GAP_HI,1.233730475,1.46753696,1.828672746,2.326261878,87,0.007246377,10.86295503,137
AR,2020,ENR_AP_GAP_AS,1.233881579,1.333333333,1.41954023,1.996688742,11,0.091666667,4.18336163,86
AR,2020,ENR_AP_GAP_BL,1.412495795,1.759556317,2.288314872,3.120665648,90,0.121900826,6.982300885,130
AR,2020,ENR_AP_GAP_HI,1.241572739,1.440183208,1.804480702,2.343194705,78,0.089552239,36.74594595,137
AR,2021,ENR_AP_GAP_AS,1.075862069,1.244444444,1.481375358,1.614349776,16,0.035087719,3.492063492,92
AR,2021,ENR_AP_GAP_BL,1.363071253,1.745595611,2.351338186,3.058103467,100,0.0243309,6.116312057,128
AR,2021,ENR_AP_GAP_HI,1.169230769,1.326492583,1.628104575,2.247311828,96,0.0486618,12.61787819,164
AZ,2011,ENR_AP_GAP_AS,1.100386427,1.15876202,1.193500247,1.242399582,5,0.0625,1.393274505,66
AZ,2011,ENR_AP_GAP_BL,1.137736634,1.295976387,1.658880289,2.028415574,37,0.057692308,16.76780627,57
AZ,2011,ENR_AP_GAP_HI,1.434402308,1.7114727,2.07725498,2.9428102,68,0.425,9.6,79
AZ,2013,ENR_AP_GAP_AS,1.025477787,1.046111825,1.066745862,1.0873799,2,0.053819444,1.108013937,68
AZ,2013,ENR_AP_GAP_BL,1.19701761,1.369789921,1.600627084,1.888176174,35,0.136904762,12.03172135,59
AZ,2013,ENR_AP_GAP_HI,1.314142367,1.484453568,1.835945383,2.503945585,72,0.037735849,8.178198109,85
AZ,2017,ENR_AP_GAP_AS,1.033192296,1.045368289,1.051476454,1.082069287,7,0.048103608,1.333333333,78
AZ,2017,ENR_AP_GAP_BL,1.197522644,1.406302016,1.639102147,1.947508627,50,0.326086957,3.751913265,72
AZ,2017,ENR_AP_GAP_HI,1.215872105,1.398701652,1.645527017,2.114377713,78,0.5,6.209926224,99
AZ,2020,ENR_AP_GAP_AS,1.148990902,1.30702169,1.561980406,1.736869692,14,0.078380706,4.072727273,79
AZ,2020,ENR_AP_GAP_BL,1.270542209,1.447611505,1.806445542,2.048021253,47,0.155266015,5.29010989,76
AZ,2020,ENR_AP_GAP_HI,1.302786378,1.479009194,1.693166964,2.031601366,73,0.430769231,19.76923077,96
AZ,2021,ENR_AP_GAP_AS,1.023387282,1.064316353,1.33833418,1.633009232,9,0.068535826,1.862068966,75
AZ,2021,ENR_AP_GAP_BL,1.310304984,1.550359296,1.836289646,2.340851582,43,0.100917431,3.9,72
AZ,2021,ENR_AP_GAP_HI,1.316133914,1.507537043,1.651113708,2.087742911,72,0.095238095,3.615264798,92
CA,2011,ENR_AP_GAP_AS,1.032237197,1.098882392,1.236841478,1.560902489,43,0.046099291,7.652733237,348
CA,2011,ENR_AP_GAP_BL,1.374110995,1.70813652,2.02647727,2.603945363,228,0.092171717,10.47785548,307
CA,2011,ENR_AP_GAP_HI,1.305361305,1.52238806,1.716065176,2.222040289,331,0.039135532,15.93406593,382
CA,2013,ENR_AP_GAP_AS,1.035084324,1.090102514,1.26731688,1.544692902,38,0.079113924,3.138117284,352
CA,2013,ENR_AP_GAP_BL,1.31267588,1.527078566,1.753027976,2.240047096,236,0.075581395,6.900660202,310
CA,2013,ENR_AP_GAP_HI,1.255503294,1.468045072,1.724222692,2.02984151,340,0.127272727,14.97878128,392
CA,2017,ENR_AP_GAP_AS,1.125,1.292396061,1.545454545,1.784242424,26,0.15483871,20.27027027,333
CA,2017,ENR_AP_GAP_BL,1.270345051,1.470839888,1.704046994,2.235175663,238,0.065217391,119.0789474,292
CA,2017,ENR_AP_GAP_HI,1.201819814,1.362554748,1.534901588,1.833831198,310,0.318470327,108.0645161,376
CA,2020,ENR_AP_GAP_AS,1.093064089,1.207510301,1.369263415,1.714125776,68,0.02,3.542372881,455
CA,2020,ENR_AP_GAP_BL,1.284362769,1.568029911,1.906013188,2.516249532,307,0.02029268,19.5,403
CA,2020,ENR_AP_GAP_HI,1.22,1.394844723,1.610526316,2.112732095,426,0.07628866,81.0512334,535
CA,2021,ENR_AP_GAP_AS,1.078467958,1.1496875,1.335897436,1.5,73,0.01214128,3.9375,454
CA,2021,ENR_AP_GAP_BL,1.250204082,1.527360228,1.98552745,2.541932784,309,0.02020202,22,401
CA,2021,ENR_AP_GAP_HI,1.225704118,1.438668831,1.668198737,2.212729671,418,0.067171239,45,534
CO,2011,ENR_AP_GAP_AS,1.142431986,1.273993108,1.425971731,1.563885135,5,0.071942446,1.721254355,52
CO,2011,ENR_AP_GAP_BL,1.120454443,1.416203378,1.721207922,1.91429354,25,0.035971223,4.037664982,39
CO,2011,ENR_AP_GAP_HI,1.427618304,1.746444895,2.14089396,2.676819506,65,0.316831683,25.81308411,76
CO,2013,ENR_AP_GAP_AS,1.032444559,1.159742221,1.335654396,1.391515605,7,0.047794118,1.581081081,50
CO,2013,ENR_AP_GAP_BL,1.200386786,1.500182481,1.614301374,1.887480834,23,0.031847134,2.63589338,39
CO,2013,ENR_AP_GAP_HI,1.234795907,1.545079649,1.798290024,2.273353313,65,0.133333333,10.46691176,75
CO,2017,ENR_AP_GAP_AS,1.1383819,1.271176098,1.345918287,1.35094069,7,0.059907834,1.822485207,57
CO,2017,ENR_AP_GAP_BL,1.253024613,1.521363976,1.975532005,2.504770847,30,0.105499439,5.90619469,42
CO,2017,ENR_AP_GAP_HI,1.339772141,1.643303073,2.025357318,2.43188535,67,0.728070175,14.96825397,80
CO,2020,ENR_AP_GAP_AS,1.04424481,1.06559569,1.203580286,1.288699602,9,0.067114094,1.723101266,57
CO,2020,ENR_AP_GAP_BL,1.334855317,1.54403867,1.662868387,2.194941372,32,0.025641026,8.748686244,47
CO,2020,ENR_AP_GAP_HI,1.232574784,1.609225852,1.943173857,2.502054098,69,0.054825714,5.823923445,85
CO,2021,ENR_AP_GAP_AS,1.129783553,1.157612673,1.18036988,1.223944049,7,0.072115385,1.287028399,60
CO,2021,ENR_AP_GAP_BL,1.253382003,1.473208023,1.860501885,2.185965315,35,0.28875,4.382328308,42
CO,2021,ENR_AP_GAP_HI,1.346585486,1.697158131,1.977178795,2.529748048,68,0.254545455,5.03125,85
CT,2011,ENR_AP_GAP_AS,1.01240943,1.071398899,1.214735084,1.396088443,9,0.138888889,6.654589372,106
CT,2011,ENR_AP_GAP_BL,1.533492581,2.125954011,2.673489985,3.129340255,68,0.074270557,7.929752066,95
CT,2011,ENR_AP_GAP_HI,1.332659396,1.662082851,1.983699242,2.787398491,83,0.316455696,7.871273713,104
CT,2013,ENR_AP_GAP_AS,1.127906977,1.329545455,1.464751958,1.612644225,6,0.128419453,1.881088825,108
CT,2013,ENR_AP_GAP_BL,1.29713539,1.763235633,2.082458276,2.755747549,80,0.11814346,7.873781148,103
CT,2013,ENR_AP_GAP_HI,1.400326168,1.784043385,2.174780944,2.807862716,92,0.143700787,8.205929919,111
CT,2017,ENR_AP_GAP_AS,1.050193466,1.155618463,1.317198598,1.617722256,14,0.298013245,2.739130435,119
CT,2017,ENR_AP_GAP_BL,1.570353274,1.950468253,2.341570892,3.291319437,89,0.17219917,32.08695652,104
CT,2017,ENR_AP_GAP_HI,1.46980891,1.815011444,2.176050431,2.964819991,105,0.284552846,6.705298013,120
CT,2020,ENR_AP_GAP_AS,1.077348066,1.185851319,1.227606461,1.665346535,16,0.146537842,3.877458396,118
CT,2020,ENR_AP_GAP_BL,1.383650359,1.888959869,2.29646692,2.841361161,89,0.4,35.6039604,100
CT,2020,ENR_AP_GAP_HI,1.519119466,1.781615085,2.095597375,2.914012739,111,0.398544521,17.22666667,120
CT,2021,ENR_AP_GAP_AS,1.041904685,1.090542964,1.337465063,1.544406895,12,0.146341463,2.256578947,121
CT,2021,ENR_AP_GAP_BL,1.572291994,1.945563997,2.52001303,3.054529654,84,0.406417112,6.806355511,105
CT,2021,ENR_AP_GAP_HI,1.383896624,1.634969503,2.00017615,2.665109192,118,0.798211091,6.599326599,125
DC,2011,ENR_AP_GAP_AS,1.599799146,1.599799146,1.599799146,1.599799146,1,0.75,1.599799146,3
DC,2011,ENR_AP_GAP_BL,1.310277916,1.550014888,1.78328536,2.594271396,4,1.067307692,3.694115215,4
DC,2011,ENR_AP_GAP_HI,1.588367809,1.767644709,2.062749604,2.473682494,3,1.409090909,2.884615385,3
DC,2013,ENR_AP_GAP_AS,1.203330713,1.203330713,1.203330713,1.203330713,1,0.25,1.203330713,4
DC,2013,ENR_AP_GAP_BL,2.101598587,2.910799514,3.362664809,3.457194474,3,0.774193548,3.551724138,4
DC,2013,ENR_AP_GAP_HI,1.442751827,1.802170321,2.428360798,3.321323256,3,0.657142857,4.214285714,4
DC,2015,ENR_AP_GAP_AS,1.122797032,1.122797032,1.122797032,1.122797032,1,0.792613636,1.122797032,4
DC,2015,ENR_AP_GAP_BL,1.705354083,2.394268708,3.218809463,3.995148601,5,1.007973422,4.211538462,5
DC,2015,ENR_AP_GAP_HI,1.817631936,1.882050093,2.017996289,3.070545153,4,0.951428571,4.581395349,5
DC,2017,ENR_AP_GAP_AS,1.18070889,1.234669599,1.288630307,1.342591016,2,0.333333333,1.396551724,5
DC,2017,ENR_AP_GAP_BL,1.547612452,1.856295108,2.033841219,2.225994222,4,0.936507937,2.425450671,6
DC,2017,ENR_AP_GAP_HI,1.598064805,1.734591149,2.019524836,2.452865866,3,0.830729167,2.886206897,6
DC,2020,ENR_AP_GAP_AS,1.828038892,2.371029169,2.914019446,3.457009723,2,0.606741573,4,6
DC,2020,ENR_AP_GAP_BL,2.789585821,3.296016902,5.20802005,7.683895131,5,0.962303423,7.752808989,6
DC,2020,ENR_AP_GAP_HI,1.801634889,1.911157025,3.037037037,4.404040404,6,1.005072464,4.617977528,6
DC,2021,ENR_AP_GAP_AS,1.385865009,1.674076215,3.054545455,5.527272727,3,0.25,8,7
DC,2021,ENR_AP_GAP_BL,2.101694915,2.185293047,2.579972231,2.937062937,6,0.789230769,9.26618705,7
DC,2021,ENR_AP_GAP_HI,1.623995408,1.642372881,1.872635541,2.575260805,6,0.814479638,5.806451613,7
DE,2011,ENR_AP_GAP_BL,1.937353652,2.149994237,2.580977761,3.019370009,19,0.849002381,3.853636364,21
DE,2011,ENR_AP_GAP_HI,1.311461855,1.534477773,1.818110254,2.555064982,15,0.593922127,4.083585859,21
DE,2013,ENR_AP_GAP_AS,1.131944444,1.131944444,1.131944444,1.131944444,1,0.230909091,1.131944444,18
DE,2013,ENR_AP_GAP_BL,1.750522654,2.209129361,3.020251197,4.049743485,19,0.398671096,12.99946294,20
DE,2013,ENR_AP_GAP_HI,1.197147518,1.415779498,2.165899738,2.373169267,14,0.697674419,3.789205156,18
DE,2015,ENR_AP_GAP_AS,1.220642704,1.224125645,1.227608586,1.231091527,2,0.030418251,1.234574468,20
DE,2015,ENR_AP_GAP_BL,1.552343036,1.895384615,2.214071567,3.058882486,16,0.788296637,4.034334764,20
DE,2015,ENR_AP_GAP_HI,1.190140845,1.282105263,1.751170569,2.764035214,16,0.444816054,6.060638298,20
DE,2017,ENR_AP_GAP_AS,1.043512244,1.058567833,1.188635162,1.430406524,5,0.18452381,1.652777778,23
DE,2017,ENR_AP_GAP_BL,1.386471168,1.901529311,2.191792606,2.601549278,22,0.378858351,4.64516129,24
DE,2017,ENR_AP_GAP_HI,1.438383858,1.813334302,2.120174674,2.21322054,18,0.801793409,3.315010571,21
DE,2020,ENR_AP_GAP_BL,1.405763198,2.156304876,2.67849,3.215190916,24,0.855196068,7.32,27
DE,2020,ENR_AP_GAP_HI,1.314221036,1.470178467,1.857022727,2.360100051,23,0.243090771,6.728215768,28
DE,2021,ENR_AP_GAP_AS,1.207286981,1.39844493,1.563300304,1.701853104,3,0.185453959,1.840405904,26
DE,2021,ENR_AP_GAP_BL,1.317686671,1.619727716,2.328022607,2.858776624,27,0.690656123,5.210649777,29
DE,2021,ENR_AP_GAP_HI,1.26512181,1.369408989,1.748326698,1.962187105,25,0.65,2.580542755,29
FL,2011,ENR_AP_GAP_BL,1.617486339,2.129088511,2.523453762,2.893671178,61,1.033333333,7.674559806,61
FL,2011,ENR_AP_GAP_HI,1.172954548,1.242989549,1.424303656,1.570567417,48,0.08583691,3.014480646,63
FL,2013,ENR_AP_GAP_BL,1.749645075,1.996891836,2.326174559,3.192796354,58,0.244680851,8.994889267,62
FL,2013,ENR_AP_GAP_HI,1.164236005,1.238078582,1.391084756,1.64823732,41,0.274451098,2.347556939,60
FL,2015,ENR_AP_GAP_AS,1.15595758,1.15595758,1.15595758,1.15595758,1,0.057907846,1.15595758,58
FL,2015,ENR_AP_GAP_BL,1.710355244,2.188477876,2.481877432,3.125091471,57,0.365466102,4.835192698,62
FL,2015,ENR_AP_GAP_HI,1.17032632,1.254053783,1.503746253,1.650739038,40,0.249152542,2.446579298,61
FL,2017,ENR_AP_GAP_BL,1.707517751,1.987730061,2.368607496,3.152129817,61,0.879118702,8.377934272,62
FL,2017,ENR_AP_GAP_HI,1.106845707,1.240927084,1.337980759,1.569355334,48,0.553752535,2.378378378,65
FL,2020,ENR_AP_GAP_BL,1.547345253,2.203943636,2.622907911,3.401546116,58,0.399728997,5.979282869,60
FL,2020,ENR_AP_GAP_HI,1.136459549,1.303514198,1.429111577,1.582956562,48,0.174603175,2.549931028,60
FL,2021,ENR_AP_GAP_BL,1.500344317,1.941121518,2.416610244,3.131575519,58,0.689076972,9.356205853,61
FL,2021,ENR_AP_GAP_HI,1.150866454,1.236686842,1.375678895,1.611942914,49,0.26741573,2.726293103,61
GA,2011,ENR_AP_GAP_AS,1.249762352,1.297895134,1.449737114,1.562073824,7,0.068829114,1.776270521,118
GA,2011,ENR_AP_GAP_BL,1.618705979,2.079989288,2.796919935,3.960657401,134,0.208704253,18.59390863,146
GA,2011,ENR_AP_GAP_HI,1.226001947,1.580387155,1.777557393,2.460778727,92,0.188139059,12.18589535,124
GA,2013,ENR_AP_GAP_AS,1.24715262,1.272058824,1.276282051,1.885397107,6,0.02425876,5.626818469,110
GA,2013,ENR_AP_GAP_BL,1.540613497,1.945736434,2.415448332,3.664079031,131,0.241090147,8.351648352,140
GA,2013,ENR_AP_GAP_HI,1.262244361,1.444691939,1.726148475,2.29773315,84,0.050867052,10.05302198,132
GA,2015,ENR_AP_GAP_AS,1.040487599,1.084882509,1.276845839,1.404836543,7,0.079840319,1.872397548,127
GA,2015,ENR_AP_GAP_BL,1.69804502,2.126213291,2.466598154,3.446948992,139,0.484,10.75,147
GA,2015,ENR_AP_GAP_HI,1.151552511,1.393242636,1.680697745,1.97001989,109,0.281105991,5.987708347,144
GA,2017,ENR_AP_GAP_AS,1.060600182,1.105437531,1.220271221,1.768126637,10,0.099212598,2.759581882,110
GA,2017,ENR_AP_GAP_BL,1.668769176,2.107521782,2.591948517,3.772450722,114,0.567287785,12.11829026,121
GA,2017,ENR_AP_GAP_HI,1.221972764,1.455949944,1.735990075,2.118277735,96,0.324074074,7.053191489,122
GA,2020,ENR_AP_GAP_AS,1.225645228,1.298675349,1.355322189,1.620738991,8,0.037174721,1.949367089,111
GA,2020,ENR_AP_GAP_BL,1.702437377,2.183456025,2.746065848,4.048517848,115,0.440201005,28.76611418,126
GA,2020,ENR_AP_GAP_HI,1.233661152,1.498668222,1.727112574,2.407551554,95,0.183794466,10.35230999,124
GA,2021,ENR_AP_GAP_AS,1.169964578,1.258635262,1.342762959,1.681086644,10,0.061403509,1.858666667,104
GA,2021,ENR_AP_GAP_BL,1.659606769,2.140117626,2.841550769,4.433396584,108,0.43647541,15.56385069,118
GA,2021,ENR_AP_GAP_HI,1.226490785,1.516765902,1.730755066,2.487006164,94,0.40625,6.009677419,118
HI,2011,ENR_AP_GAP_AS,1.009853684,1.009853684,1.009853684,1.009853684,1,1.009853684,1.009853684,1
HI,2011,ENR_AP_GAP_BL,1.209171355,1.209171355,1.209171355,1.209171355,1,1.209171355,1.209171355,1
HI,2011,ENR_AP_GAP_HI,1.442007857,1.442007857,1.442007857,1.442007857,1,1.442007857,1.442007857,1
HI,2013,ENR_AP_GAP_BL,1.396018187,1.396018187,1.396018187,1.396018187,1,1.396018187,1.396018187,1
HI,2013,ENR_AP_GAP_HI,2.106975424,2.106975424,2.106975424,2.106975424,1,2.106975424,2.106975424,1
HI,2015,ENR_AP_GAP_AS,1.017817925,1.017817925,1.017817925,1.017817925,1,1.017817925,1.017817925,1
HI,2015,ENR_AP_GAP_BL,1.278099827,1.278099827,1.278099827,1.278099827,1,1.278099827,1.278099827,1
HI,2015,ENR_AP_GAP_HI,1.706736825,1.706736825,1.706736825,1.706736825,1,1.706736825,1.706736825,1
HI,2017,ENR_AP_GAP_BL,1.269951338,1.269951338,1.269951338,1.269951338,1,1.269951338,1.269951338,1
HI,2017,ENR_AP_GAP_HI,1.598547124,1.598547124,1.598547124,1.598547124,1,1.598547124,1.598547124,1
HI,2020,ENR_AP_GAP_BL,1.626292075,1.626292075,1.626292075,1.626292075,1,1.626292075,1.626292075,1
HI,2020,ENR_AP_GAP_HI,2.140793396,2.140793396,2.140793396,2.140793396,1,2.140793396,2.140793396,1
HI,2021,ENR_AP_GAP_BL,1.135650356,1.135650356,1.135650356,1.135650356,1,1.135650356,1.135650356,1
HI,2021,ENR_AP_GAP_HI,2.045430036,2.045430036,2.045430036,2.045430036,1,2.045430036,2.045430036,1
IA,2011,ENR_AP_GAP_AS,1.039793634,1.064225079,1.281293817,1.69099985,3,0.013856813,2.100705882,58
IA,2011,ENR_AP_GAP_BL,1.465196964,1.874922098,2.374832846,3.295317014,28,0.044728435,16.25372617,42
IA,2011,ENR_AP_GAP_HI,1.257193501,1.677572774,2.048264793,2.475756415,34,0.0625,4.988974642,63
IA,2013,ENR_AP_GAP_AS,1.112541148,1.314205929,1.868416347,2.09186235,4,0.006793478,2.149926145,55
IA,2013,ENR_AP_GAP_BL,1.671589798,1.966797281,2.310027175,3.057876618,24,0.079069767,5.531906526,40
IA,2013,ENR_AP_GAP_HI,1.271605214,1.67225224,1.842203136,2.103325495,33,0.087837838,6.736842105,58
IA,2015,ENR_AP_GAP_AS,1.027234603,1.093881362,1.256421546,1.4591029,4,0.01754386,1.681854839,62
IA,2015,ENR_AP_GAP_BL,1.529753022,2.194231008,3.002756444,3.567721929,23,0.042016807,8.062185642,44
IA,2015,ENR_AP_GAP_HI,1.222467579,1.504156432,1.734837377,2.246578343,37,0.054404145,6.856164384,74
IA,2017,ENR_AP_GAP_AS,1.113360324,1.305944056,1.33,1.360544218,6,0.009146341,2.306117193,64
IA,2017,ENR_AP_GAP_BL,1.706308065,2.15242668,2.484424844,3.664523035,32,0.146938776,7.621334681,44
IA,2017,ENR_AP_GAP_HI,1.176470588,1.352818372,1.555193328,2.185493515,56,0.051546392,6.36858006,82
IA,2020,ENR_AP_GAP_AS,1.1134476,1.166348859,1.274735956,1.567222222,5,0.03,2.236111111,58
IA,2020,ENR_AP_GAP_BL,1.503865008,1.818181818,2.158465884,2.815295331,36,0.145027624,7.79291498,45
IA,2020,ENR_AP_GAP_HI,1.280574959,1.426554302,1.685680776,2.292915601,59,0.123222749,7.788461538,86
IA,2021,ENR_AP_GAP_AS,1.058282892,1.175159959,1.345658343,1.57424755,9,0.042,4.146110057,62
IA,2021,ENR_AP_GAP_BL,1.715820798,2.158973815,2.43605765,3.433763668,34,0.020304569,5.51800554,52
IA,2021,ENR_AP_GAP_HI,1.189859155,1.565900383,1.84573991,2.332186907,56,0.175438596,3.719664051,79
ID,2011,ENR_AP_GAP_AS,1.060319435,1.136024929,1.271719139,1.680906877,5,0.066423358,2.777777778,22
ID,2011,ENR_AP_GAP_BL,1.244388073,1.446852197,1.454385653,1.799010116,7,0.075107296,2.407449726,15
ID,2011,ENR_AP_GAP_HI,1.507754055,1.964567748,2.383853389,2.910298252,25,0.208955224,7.290322581,31
ID,2013,ENR_AP_GAP_AS,1.05387931,1.05387931,1.05387931,1.05387931,1,0.04375,1.05387931,24
ID,2013,ENR_AP_GAP_BL,1.638443033,1.757748198,1.843810559,2.056965714,5,0.037411527,2.435945988,14
ID,2013,ENR_AP_GAP_HI,1.432083333,1.657801418,2.03,2.704636499,26,0.431372549,6.507858377,33
ID,2015,ENR_AP_GAP_AS,1.177702611,1.31224431,1.597291847,1.749230769,4,0.106086957,1.834615385,22
ID,2015,ENR_AP_GAP_BL,2.227888519,2.405117791,2.430498353,2.511319965,5,0.103305785,2.69161629,15
ID,2015,ENR_AP_GAP_HI,1.201525334,1.437788065,1.685763956,2.215407238,23,0.723140496,3.5,28
ID,2017,ENR_AP_GAP_AS,1.052814635,1.271707951,1.911428578,2.274801272,4,0.232474964,2.5,24
ID,2017,ENR_AP_GAP_BL,1.791053559,1.982963008,2.362548235,4.201847864,10,0.347902098,5.379701686,15
ID,2017,ENR_AP_GAP_HI,1.446097646,1.625806452,1.917972964,2.090291088,27,0.16,9.097610922,35
ID,2020,ENR_AP_GAP_AS,1.232590246,1.266973321,1.367788996,1.53503727,3,0.159633028,1.702285545,22
ID,2020,ENR_AP_GAP_BL,1.247162445,1.4552896,1.864982836,2.697270781,9,0.324214792,8.963383187,12
ID,2020,ENR_AP_GAP_HI,1.426439536,1.699574673,2.067388579,2.397745239,24,0.214285714,6.916666667,29
ID,2021,ENR_AP_GAP_AS,1.106464484,1.277006046,1.646775525,2.111723981,5,0.066666667,2.369230769,26
ID,2021,ENR_AP_GAP_BL,1.273723203,1.490345367,1.895058376,2.730112272,9,0.155745489,8.987242395,14
ID,2021,ENR_AP_GAP_HI,1.429489241,1.665041354,2.139917596,3.343497916,27,0.276923077,14.79008568,30
IL,2011,ENR_AP_GAP_AS,1.151630921,1.241948299,1.319762499,1.449729082,13,0.014319809,4.55599473,162
IL,2011,ENR_AP_GAP_BL,1.902231448,2.440309328,3.007317073,4.336837325,111,0.031339031,13.33745124,136
IL,2011,ENR_AP_GAP_HI,1.403871656,1.800969187,2.135677394,2.617678643,127,0.041884817,9.805253623,164
IL,2013,ENR_AP_GAP_AS,1.152765201,1.288276784,1.401621745,2.29833207,10,0.016666667,3.341569767,159
IL,2013,ENR_AP_GAP_BL,1.738632311,2.271839029,2.803505411,3.583485925,109,0.022151899,9.532267442,136
IL,2013,ENR_AP_GAP_HI,1.36493303,1.5402528,1.875156384,2.211800792,133,0.028673835,10.1609775,182
IL,2015,ENR_AP_GAP_AS,1.158106638,1.194189602,1.345439189,1.477361564,11,0.047003525,1.624625139,150
IL,2015,ENR_AP_GAP_BL,1.66944438,2.194387913,2.714477626,3.574789121,122,0.106060606,9.968911917,140
IL,2015,ENR_AP_GAP_HI,1.315856128,1.561387156,1.875340796,2.446780421,138,0.080128205,5.514771384,190
IL,2017,ENR_AP_GAP_AS,1.035708717,1.1495206,1.346329533,1.934175809,17,0.033333333,7.989431968,175
IL,2017,ENR_AP_GAP_BL,1.678650781,2.151074022,2.555286125,3.238446232,134,0.1,14.59496855,151
IL,2017,ENR_AP_GAP_HI,1.275707583,1.505072549,1.724979658,2.104946524,161,0.023715415,10.58925319,199
IL,2020,ENR_AP_GAP_AS,1.070675666,1.152274276,1.258339937,1.350081355,13,0.034482759,2.571428571,176
IL,2020,ENR_AP_GAP_BL,1.734975006,2.049185464,2.546865672,3.064824037,131,0.026086957,12.12738854,156
IL,2020,ENR_AP_GAP_HI,1.2224743,1.444557477,1.714247303,2.142857143,166,0.126315789,33.00703325,201
IL,2021,ENR_AP_GAP_AS,1.108084139,1.308720629,1.370287285,1.91974558,14,0.045454545,3.591133005,175
IL,2021,ENR_AP_GAP_BL,1.620115481,2.037591528,2.609107869,3.269410624,133,0.062305296,11.80381471,161
IL,2021,ENR_AP_GAP_HI,1.285945577,1.437025079,1.688709686,2.046823322,170,0.024539877,7.159315415,223
IN,2011,ENR_AP_GAP_AS,1.034216542,1.125288101,1.343317241,2.3797498,10,0.020833333,3.746598803,144
IN,2011,ENR_AP_GAP_BL,1.295037979,1.629398247,2.348834304,3.083508321,79,0.015981735,6.198403649,127
IN,2011,ENR_AP_GAP_HI,1.221751357,1.498587375,1.819610388,2.199873684,104,0.015981735,11.52067669,182
IN,2013,ENR_AP_GAP_AS,1.053551115,1.230601728,2.002544204,2.253644773,10,0.01754386,3.090909091,145
IN,2013,ENR_AP_GAP_BL,1.43977382,1.828822439,2.344201463,3.035523673,80,0.094026549,9.25,120
IN,2013,ENR_AP_GAP_HI,1.218784485,1.409691216,1.698562784,2.311230297,107,0.070110701,6.090651558,184
IN,2015,ENR_AP_GAP_AS,1.129229997,1.169599584,1.519786584,1.616889176,9,0.034934498,4.527236492,149
IN,2015,ENR_AP_GAP_BL,1.491952412,1.979625197,2.390581068,3.491795136,75,0.10782241,7.627906977,120
IN,2015,ENR_AP_GAP_HI,1.192525133,1.438783123,1.729386414,2.147971486,114,0.046153846,7.944191344,204
IN,2017,ENR_AP_GAP_AS,1.059545455,1.184322034,1.336281277,1.657505285,21,0.032663317,3.078819903,152
IN,2017,ENR_AP_GAP_BL,1.430193117,1.805883236,2.589586157,3.477139819,87,0.088957055,7.850725639,119
IN,2017,ENR_AP_GAP_HI,1.194064258,1.462568442,1.76333502,2.290909091,148,0.13312573,6.1886121,206
IN,2020,ENR_AP_GAP_AS,1.13384464,1.182248387,1.239221739,1.42182754,15,0.018315018,2.585617543,154
IN,2020,ENR_AP_GAP_BL,1.472082103,1.867541649,2.554440231,3.262239801,92,0.16918429,12.71260199,121
IN,2020,ENR_AP_GAP_HI,1.24,1.488950276,1.896485471,2.576923077,151,0.067618332,8.043912176,206
IN,2021,ENR_AP_GAP_AS,1.052319312,1.107246587,1.263787199,1.447276157,19,0.058287796,2.141578385,155
IN,2021,ENR_AP_GAP_BL,1.570050889,1.815026779,2.341118715,3.1470846,88,0.093297101,7.760072267,122
IN,2021,ENR_AP_GAP_HI,1.301402751,1.513916731,1.859651624,2.239546217,160,0.091922006,7.535911602,217
KS,2011,ENR_AP_GAP_AS,1.267598475,1.283318928,1.466097308,1.593565089,6,0.070575843,1.775483011,41
KS,2011,ENR_AP_GAP_BL,1.443916792,1.738040834,2.106979415,2.685762214,27,0.053418803,6.358267717,41
KS,2011,ENR_AP_GAP_HI,1.300220345,1.572761879,2.074671446,2.326635629,36,0.048850575,4.523830538,53
KS,2013,ENR_AP_GAP_AS,1.217172979,1.420295571,1.561719181,1.641443809,3,0.069090909,1.721168437,39
KS,2013,ENR_AP_GAP_BL,1.43520465,1.760590246,1.991529709,2.374466123,24,0.103636364,3.378661088,37
KS,2013,ENR_AP_GAP_HI,1.273815873,1.505387191,2.011695996,2.534359086,40,0.093959732,5.143884892,50
KS,2015,ENR_AP_GAP_AS,1.698938074,1.844262446,1.999963505,2.231118314,4,0.038844622,2.5,37
KS,2015,ENR_AP_GAP_BL,1.455424069,1.853284036,2.099452907,2.923150168,20,0.194936709,4.276492537,31
KS,2015,ENR_AP_GAP_HI,1.125194951,1.259916404,1.530992366,2.033987226,36,0.454308094,6.564841499,41
KS,2017,ENR_AP_GAP_AS,1.089795918,1.310173697,1.440831557,1.469251337,6,0.105820106,1.559463987,40
KS,2017,ENR_AP_GAP_BL,1.415946114,1.791653787,2.32083315,3.392049673,26,0.114427861,14.03495994,38
KS,2017,ENR_AP_GAP_HI,1.257306588,1.378060523,1.726092446,2.201411308,47,0.123655914,5.755965293,53
KS,2020,ENR_AP_GAP_AS,1.036689315,1.045317405,1.077246688,1.132477165,3,0.072527473,1.187707641,39
KS,2020,ENR_AP_GAP_BL,1.475033587,1.71119146,1.925647059,2.912280702,31,0.117371938,4.807228916,40
KS,2020,ENR_AP_GAP_HI,1.182551611,1.350855424,1.670437644,2.370317586,40,0.060846561,4.921752739,58
KS,2021,ENR_AP_GAP_AS,1.03206265,1.041820132,1.117390178,1.258772789,3,0.069444444,1.4001554,48
KS,2021,ENR_AP_GAP_BL,1.463732842,1.821723262,2.104952331,2.588274814,25,0.255319149,3.97639485,33
KS,2021,ENR_AP_GAP_HI,1.311834318,1.522519853,1.891747973,2.512734241,45,0.156716418,7.207746479,56
KY,2011,ENR_AP_GAP_AS,1.228334522,1.385395189,1.412736477,1.811333333,11,0.012027491,2.007,76
KY,2011,ENR_AP_GAP_BL,1.372404348,1.680221224,2.164941364,2.659503526,69,0.092741935,7.81141046,102
KY,2011,ENR_AP_GAP_HI,1.168073141,1.29249266,1.594026492,1.84459192,39,0.086299892,3.551083591,82
KY,2013,ENR_AP_GAP_AS,1.110783525,1.144875139,1.178423841,1.3035913,4,0.038154392,1.474568138,83
KY,2013,ENR_AP_GAP_BL,1.33718723,1.791965126,2.077022329,2.370087185,63,0.070699708,5.370845481,89
KY,2013,ENR_AP_GAP_HI,1.179683933,1.42206521,1.585588821,1.97768246,47,0.06637931,3.67244898,103
KY,2015,ENR_AP_GAP_AS,1.050068688,1.104576875,1.138425594,1.183593578,7,0.038011696,1.42664906,88
KY,2015,ENR_AP_GAP_BL,1.360449186,1.571386837,1.953017879,2.603352802,72,0.055963303,5.570831323,101
KY,2015,ENR_AP_GAP_HI,1.156566396,1.276384526,1.540242892,2.03580961,53,0.146621622,7.195150115,102
KY,2017,ENR_AP_GAP_AS,1.131680358,1.194050141,1.227849136,1.25241689,9,0.06407767,5.539160045,93
KY,2017,ENR_AP_GAP_BL,1.33880975,1.733938239,2.135922814,3.060337806,74,0.150684932,6.923857868,90
KY,2017,ENR_AP_GAP_HI,1.205348814,1.305195881,1.507692308,1.812940425,73,0.236334405,4.886649874,107
KY,2020,ENR_AP_GAP_AS,1.131720895,1.223737672,1.373211558,1.45904776,4,0.023809524,1.513065118,89
KY,2020,ENR_AP_GAP_BL,1.396574787,2.049825675,2.352662722,2.722897725,65,0.360544218,6.513157895,82
KY,2020,ENR_AP_GAP_HI,1.160834906,1.370155466,1.617373455,2.276063451,72,0.261380323,5.682277319,108
KY,2021,ENR_AP_GAP_AS,1.007777467,1.023949732,1.076780031,1.205730042,5,0.033898305,1.465625,84
KY,2021,ENR_AP_GAP_BL,1.389752691,1.855029043,2.384747873,3.275287388,60,0.104615385,11.91489362,84
KY,2021,ENR_AP_GAP_HI,1.236459619,1.455627404,1.677309642,2.111482928,69,0.166831194,3.449675325,98
LA,2011,ENR_AP_GAP_AS,1.276595745,1.276595745,1.276595745,1.276595745,1,0.090144231,1.276595745,25
LA,2011,ENR_AP_GAP_BL,1.761951459,2.504702899,3.299386763,5.051113163,30,0.541616766,11.4561707,34
LA,2011,ENR_AP_GAP_HI,1.139003659,1.428912784,1.594526934,2.550774756,11,0.161490683,3.590660343,23
LA,2013,ENR_AP_GAP_AS,1.17184433,1.236875893,1.63912232,2.433153732,5,0.006179197,3.454545455,34
LA,2013,ENR_AP_GAP_BL,2.029888325,2.391319487,2.677068979,3.443006991,42,0.342442833,17.46938776,49
LA,2013,ENR_AP_GAP_HI,1.258247879,1.414516319,1.487813639,1.966666667,23,0.328669154,7,39
LA,2015,ENR_AP_GAP_AS,1.170246298,1.196667436,1.223088574,1.249509713,2,0.014687882,1.275930851,42
LA,2015,ENR_AP_GAP_BL,1.604842105,1.894630711,2.361625555,3.299021385,46,0.227172583,74.66666667,53
LA,2015,ENR_AP_GAP_HI,1.200718957,1.565545788,1.663827644,1.937641181,20,0.106122449,4.280775196,41
LA,2017,ENR_AP_GAP_AS,1.098648336,1.117270177,1.20399449,1.274911032,7,0.008196721,2.666666667,42
LA,2017,ENR_AP_GAP_BL,1.562237648,1.906079894,2.348423758,2.728156265,47,0.106339468,4.29966503,56
LA,2017,ENR_AP_GAP_HI,1.258669011,1.609570661,2.025640699,3.407562564,32,0.056318198,16.007109,50
LA,2020,ENR_AP_GAP_AS,1.35204696,1.557459506,1.764364876,1.946886447,4,0.211764706,2.117216117,36
LA,2020,ENR_AP_GAP_BL,1.510040001,1.939926102,2.246510616,3.22633574,47,0.054862074,5.572625698,55
LA,2020,ENR_AP_GAP_HI,1.19716647,1.491115746,1.681318681,1.96969697,36,0.41507431,5.17705041,47
LA,2021,ENR_AP_GAP_AS,1.0455,1.395818313,1.448586118,1.572815534,6,0.181818182,2.154398564,36
LA,2021,ENR_AP_GAP_BL,1.423240859,1.734506653,2.257250781,2.956295745,44,0.0875,43.05206463,55
LA,2021,ENR_AP_GAP_HI,1.295380396,1.632673718,1.881921873,2.190451296,34,0.225490196,8.076923077,51
MA,2011,ENR_AP_GAP_AS,1.144230769,1.275004674,1.403409091,1.572237474,21,0.045204289,4,206
MA,2011,ENR_AP_GAP_BL,1.311957921,1.740226294,2.073036568,2.700411833,123,0.139855072,9.179888268,182
MA,2011,ENR_AP_GAP_HI,1.34609302,1.653449401,2.143164441,3.001708395,133,0.078781513,12.39188633,190
MA,2013,ENR_AP_GAP_AS,1.113559969,1.222926012,1.312227665,1.571752694,22,0.037634409,3.171225937,205
MA,2013,ENR_AP_GAP_BL,1.309236022,1.747985693,2.237069871,2.977259317,119,0.102848101,5.97311828,181
MA,2013,ENR_AP_GAP_HI,1.364191998,1.697831325,2.442052239,3.084613207,125,0.0625,8.7,183
MA,2015,ENR_AP_GAP_AS,1.088467593,1.215803359,1.301212854,1.684642533,43,0.071710898,2.881355932,221
MA,2015,ENR_AP_GAP_BL,1.283538596,1.675956317,2.120448853,2.934694512,129,0.079908676,9.183908046,203
MA,2015,ENR_AP_GAP_HI,1.322834646,1.671539961,2.014481094,2.66320598,171,0.266666667,7.013487476,217
MA,2017,ENR_AP_GAP_AS,1.077874396,1.178595215,1.352893713,1.632443865,34,0.134803922,3.492795389,235
MA,2017,ENR_AP_GAP_BL,1.349798851,1.73984693,2.124902954,2.843880553,170,0.147208122,11.74025974,213
MA,2017,ENR_AP_GAP_HI,1.333422589,1.726278135,2.133996463,2.842773096,209,0.134803922,17.38562092,241
MA,2020,ENR_AP_GAP_AS,1.12371134,1.17,1.381793478,1.841986456,41,0.06655574,2.96435272,248
MA,2020,ENR_AP_GAP_BL,1.345055154,1.63466899,2.107971006,3.045360045,185,0.187285223,13.23484202,235
MA,2020,ENR_AP_GAP_HI,1.39997747,1.698890307,2.175387678,2.717500187,225,0.457486832,13.07630522,262
MA,2021,ENR_AP_GAP_AS,1.059565812,1.162347964,1.3330742,1.549194029,32,0.069172932,2.25,248
MA,2021,ENR_AP_GAP_BL,1.209901395,1.629634479,2.202,3.040347066,178,0.07003367,9.664343786,225
MA,2021,ENR_AP_GAP_HI,1.419286658,1.709570957,2.10619213,2.711367673,226,0.361757106,8.147100424,259
MD,2011,ENR_AP_GAP_BL,1.708139576,1.985151701,2.282246718,2.892955333,22,0.001569164,4.077589078,24
MD,2011,ENR_AP_GAP_HI,1.275100509,1.373846351,1.519685373,1.796637666,18,0.006866726,3.172800561,22
MD,2013,ENR_AP_GAP_BL,1.770443486,1.838146194,1.995130971,2.10819473,24,1.198179272,2.568972776,24
MD,2013,ENR_AP_GAP_HI,1.272085798,1.389187349,1.576912115,2.102079109,21,0.758710801,3.670076726,23
MD,2015,ENR_AP_GAP_BL,1.747478138,1.818411323,1.998471415,2.622667385,23,1.573083416,3.473467538,23
MD,2015,ENR_AP_GAP_HI,1.230110658,1.643704702,1.67681113,2.354323357,22,1.075903614,5.023426061,22
MD,2017,ENR_AP_GAP_BL,1.633285625,1.84148675,2.261799165,2.792211594,23,1.404295019,4.502037846,23
MD,2017,ENR_AP_GAP_HI,1.40941603,1.828436566,1.9475775,2.366368874,22,0.785714286,5.5,24
MD,2020,ENR_AP_GAP_AS,1.34021164,1.34021164,1.34021164,1.34021164,1,0.228728271,1.34021164,23
MD,2020,ENR_AP_GAP_BL,1.494293749,1.678059451,1.86974746,2.271028985,22,0.871619762,11.21439873,23
MD,2020,ENR_AP_GAP_HI,1.415436709,1.518668832,1.804606877,2.147439646,22,0.776107595,3.938973648,24
MD,2021,ENR_AP_GAP_BL,1.687965859,1.846721719,2.102537439,2.787517661,24,1.011965812,11.40909091,24
MD,2021,ENR_AP_GAP_HI,1.50182577,1.775462531,1.920919445,2.389301339,22,1.104590572,2.786588921,22
ME,2011,ENR_AP_GAP_AS,1.111685201,1.189165646,1.271282606,1.34013156,7,0.028106509,2.058576739,49
ME,2011,ENR_AP_GAP_BL,1.124155379,1.261956522,1.444478217,2.11698975,9,0.114942529,2.632342007,34
ME,2011,ENR_AP_GAP_HI,1.08118602,1.140338799,1.198487858,1.537767304,8,0.053448276,3.012267658,41
ME,2013,ENR_AP_GAP_AS,1.1392261,1.175115207,1.255006676,1.416015625,6,0.040123457,1.720679012,54
ME,2013,ENR_AP_GAP_BL,1.581586751,1.857128027,2.104894498,3.785360676,8,0.048034934,4.971168437,42
ME,2013,ENR_AP_GAP_HI,1.128869232,1.145742793,1.216402885,1.78916266,8,0.1015625,2.808387364,30
ME,2015,ENR_AP_GAP_AS,1.103303529,1.195575108,1.3370068,1.557660075,10,0.039419087,1.720360825,57
ME,2015,ENR_AP_GAP_BL,1.200016083,1.259529155,1.539204314,1.893276323,13,0.050980392,2.608440171,39
ME,2015,ENR_AP_GAP_HI,1.191829047,1.490302333,1.706953356,2.045730376,12,0.046783626,11.30578512,49
ME,2017,ENR_AP_GAP_AS,1.1561051,1.265174507,1.320895522,2.181992337,11,0.087209302,2.374223602,55
ME,2017,ENR_AP_GAP_BL,1.190752983,1.316565961,1.526814043,2.315629742,19,0.206136146,3.080308031,40
ME,2017,ENR_AP_GAP_HI,1.376958476,1.562858055,1.955461529,2.494026884,25,0.027027027,4.534161491,51
ME,2020,ENR_AP_GAP_AS,1.15226601,1.566248212,1.685066319,1.805019542,8,0.121396055,1.867203219,49
ME,2020,ENR_AP_GAP_BL,1.323744976,1.577480563,2.102548598,2.351094282,19,0.081871345,9.272727273,36
ME,2020,ENR_AP_GAP_HI,1.312356604,1.580432738,1.914580265,2.936221801,26,0.051282051,4.195348837,48
ME,2021,ENR_AP_GAP_AS,1.061088296,1.101129363,1.128348489,1.142745673,3,0.048192771,1.157142857,49
ME,2021,ENR_AP_GAP_BL,1.435361317,1.545050704,1.894436492,2.695859508,19,0.112222222,6.404494382,37
ME,2021,ENR_AP_GAP_HI,1.279239766,1.433566434,1.673780488,2.354299255,21,0.174129353,4.069767442,47
MI,2011,ENR_AP_GAP_AS,1.062073928,1.19202713,1.281809243,1.524101657,23,0.010869565,2.654918135,215
MI,2011,ENR_AP_GAP_BL,1.675439233,2.172078733,2.895649855,4.133498486,143,0.057915058,21.83673469,200
MI,2011,ENR_AP_GAP_HI,1.306917066,1.523947537,1.90602119,2.569747096,152,0.050847458,34.58333333,247
MI,2013,ENR_AP_GAP_AS,1.097648506,1.198437973,1.336968774,1.96068743,24,0.017699115,3.450623167,222
MI,2013,ENR_AP_GAP_BL,1.534301048,2.034585439,2.50600196,3.500211479,149,0.018450185,9.792763158,219
MI,2013,ENR_AP_GAP_HI,1.148705834,1.500058727,1.790589612,2.340818937,167,0.119148936,4.960629921,252
MI,2015,ENR_AP_GAP_AS,1.071757482,1.197674419,1.576393035,1.899450549,23,0.018518519,5.433364399,239
MI,2015,ENR_AP_GAP_BL,1.407572509,1.952885342,2.44740519,3.403473402,169,0.050813008,23.36842105,224
MI,2015,ENR_AP_GAP_HI,1.214990138,1.425100402,1.771832408,2.340350877,206,0.072700297,6.327686916,274
MI,2017,ENR_AP_GAP_AS,1.062299563,1.147165021,1.295503481,1.544182195,37,0.014018692,3.374340949,248
MI,2017,ENR_AP_GAP_BL,1.401117789,1.784540344,2.205097997,3.0078153,187,0.032490975,9.703932833,236
MI,2017,ENR_AP_GAP_HI,1.215165051,1.535671493,1.967384861,2.726531655,217,0.051118211,26.66666667,289
MI,2020,ENR_AP_GAP_AS,1.109067688,1.21402214,1.443609023,1.87211094,21,0.06772009,3.252918288,220
MI,2020,ENR_AP_GAP_BL,1.557110862,1.976045473,2.490066225,3.303215119,156,0.091803279,13.82082867,211
MI,2020,ENR_AP_GAP_HI,1.192313168,1.38703293,1.860909778,2.692334332,207,0.126315789,7.490909091,271
MI,2021,ENR_AP_GAP_AS,1.095906509,1.257936508,1.460976547,2.09221902,16,0.015748031,3.700141443,235
MI,2021,ENR_AP_GAP_BL,1.473913847,2.043241453,2.511846814,3.651565688,160,0.145454545,12.77419355,205
MI,2021,ENR_AP_GAP_HI,1.271387662,1.467157526,1.798888889,2.575534564,203,0.154113534,9.45344726,269
MN,2011,ENR_AP_GAP_AS,1.205565393,1.383869399,1.47018496,1.69447494,28,0.05078637,6.068965517,100
MN,2011,ENR_AP_GAP_BL,1.463774119,2.091479892,2.709909165,3.382808826,58,0.032359081,10.54303279,89
MN,2011,ENR_AP_GAP_HI,1.525912354,1.974299065,2.675654734,3.531496063,76,0.041176471,9.025,104
MN,2013,ENR_AP_GAP_AS,1.087868371,1.190008511,1.619133449,2.170650969,25,0.036649215,2.914514248,105
MN,2013,ENR_AP_GAP_BL,1.530524406,1.726992313,2.468884894,3.105912356,62,0.095808383,13.88197147,84
MN,2013,ENR_AP_GAP_HI,1.503733201,1.782112567,2.392488263,3.133928571,81,0.058611362,7.352095566,111
MN,2015,ENR_AP_GAP_AS,1.04630421,1.156033133,1.271236559,1.680124007,40,0.043478261,3.46875,100
MN,2015,ENR_AP_GAP_BL,1.353696559,1.724038153,2.298080744,2.966219313,59,0.082278481,11.93630137,88
MN,2015,ENR_AP_GAP_HI,1.395957373,1.658668262,2.090652681,2.877332082,88,0.039215686,18.68174475,111
MN,2017,ENR_AP_GAP_AS,1.063531254,1.127561579,1.382866503,1.485059761,31,0.137055838,3.606269113,102
MN,2017,ENR_AP_GAP_BL,1.453066705,1.798915515,2.200241753,2.882595402,74,0.113861386,10.09090909,89
MN,2017,ENR_AP_GAP_HI,1.399901979,1.718111244,2.081767479,2.743210149,95,0.170731707,7.219343696,113
MN,2020,ENR_AP_GAP_AS,1.146292723,1.275987169,1.564942794,2.219381058,35,0.059210526,3.41453831,94
MN,2020,ENR_AP_GAP_BL,1.372706689,1.703525813,2.054085713,3.054542756,70,0.148854962,10.17829457,85
MN,2020,ENR_AP_GAP_HI,1.331959925,1.600815647,2.072014423,2.93204882,99,0.196721311,12.74380165,117
MN,2021,ENR_AP_GAP_AS,1.14854411,1.258117548,1.575462206,1.989898692,35,0.041450777,4.194055862,99
MN,2021,ENR_AP_GAP_BL,1.318668923,1.763249516,2.199277233,2.812238195,81,0.041450777,7.894459103,89
MN,2021,ENR_AP_GAP_HI,1.37254902,1.768952012,2.183060109,2.693531187,101,0.217317487,6.083610649,115
MO,2011,ENR_AP_GAP_AS,1.10635525,1.194827973,1.285203344,1.392563417,4,0.029503106,1.508415842,73
MO,2011,ENR_AP_GAP_BL,1.597688061,2.021178646,2.491787023,3.484402906,60,0.0657277,10.44262295,81
MO,2011,ENR_AP_GAP_HI,1.302316966,1.485245468,1.730550285,2.038786003,46,0.025510204,3.567901235,75
MO,2013,ENR_AP_GAP_AS,1.061944664,1.153703041,1.197761573,1.695979864,10,0.015801354,2.75,88
MO,2013,ENR_AP_GAP_BL,1.511751536,1.907782943,2.361896987,3.130625665,64,0.04109589,8.458333333,86
MO,2013,ENR_AP_GAP_HI,1.12165681,1.279978934,1.583153419,2.107966091,47,0.069078947,3.474347826,91
MO,2015,ENR_AP_GAP_AS,1.05253483,1.194996493,1.508133971,1.8,6,0.017921147,1.826086957,101
MO,2015,ENR_AP_GAP_BL,1.552286034,1.90562789,2.226225983,3.002574562,63,0.089820359,14.67,91
MO,2015,ENR_AP_GAP_HI,1.263385147,1.422920892,1.600512164,2.023385301,61,0.024271845,5.030287984,96
MO,2017,ENR_AP_GAP_AS,1.099119497,1.143847487,1.190967742,1.294663573,16,0.021505376,1.555555556,91
MO,2017,ENR_AP_GAP_BL,1.48660376,1.738269622,2.056688518,2.903143278,78,0.159292035,4.867379679,92
MO,2017,ENR_AP_GAP_HI,1.161568485,1.274578005,1.481757707,1.789800579,70,0.182926829,3.936,99
MO,2020,ENR_AP_GAP_AS,1.051702505,1.488931624,1.706474436,1.897797357,8,0.03812825,2.385176185,93
MO,2020,ENR_AP_GAP_BL,1.558499207,1.933920895,2.697778531,3.233147706,78,0.058252427,5.776595745,98
MO,2020,ENR_AP_GAP_HI,1.201467212,1.384348602,1.63718888,2.083460154,75,0.174050633,17.73006135,109
MO,2021,ENR_AP_GAP_AS,1.12987013,1.15625,1.332068311,1.430769231,11,0.023054755,3.108294931,99
MO,2021,ENR_AP_GAP_BL,1.521805662,1.946112345,2.5,3.618119423,81,0.062893082,17.21122112,95
MO,2021,ENR_AP_GAP_HI,1.194932589,1.399830602,1.71195178,2.35412649,90,0.285285285,16.23809524,116
MS,2011,ENR_AP_GAP_AS,1.110951856,1.124880559,1.138809261,1.152737964,2,0.030612245,1.166666667,39
MS,2011,ENR_AP_GAP_BL,1.743016715,2.442105263,3.017837985,3.951367781,81,0.270597738,14.45945946,91
MS,2011,ENR_AP_GAP_HI,1.203034767,1.508218437,1.85512605,2.240488923,19,0.06025641,5.65625,58
MS,2013,ENR_AP_GAP_AS,1.429480218,1.463361186,1.497242153,1.531123121,2,0.041346154,1.565004088,40
MS,2013,ENR_AP_GAP_BL,1.745771287,2.255249093,2.960465265,4.257304379,78,0.216107383,39.57333333,85
MS,2013,ENR_AP_GAP_HI,1.304882212,1.599629529,2.067740395,3.38807237,22,0.087443946,8.347826087,44
MS,2015,ENR_AP_GAP_AS,1.00211076,1.003418306,1.004725853,1.0060334,2,0.024615385,1.007340946,46
MS,2015,ENR_AP_GAP_BL,1.771819969,2.281640007,3.049984653,3.90651192,75,0.334591195,15.07590133,85
MS,2015,ENR_AP_GAP_HI,1.20504691,1.53346663,2.255633709,2.724870714,24,0.034090909,4.407407407,55
MS,2017,ENR_AP_GAP_AS,1.042484301,1.198757764,1.330578512,1.348148148,6,0.041666667,1.353846154,47
MS,2017,ENR_AP_GAP_BL,1.712877216,2.216846654,3.041321441,5.265818572,74,0.282643649,29.00684411,84
MS,2017,ENR_AP_GAP_HI,1.254908877,1.625962733,1.916458669,2.513311018,32,0.083333333,5.683918669,51
MS,2020,ENR_AP_GAP_AS,1.113924051,1.113924051,1.113924051,1.113924051,1,0.014285714,1.113924051,43
MS,2020,ENR_AP_GAP_BL,1.610558022,2.250304912,2.808068049,4.314957753,65,0.063762626,9.647540984,71
MS,2020,ENR_AP_GAP_HI,1.36006192,1.649489125,1.839313612,2.542719117,37,0.298192771,5.467625899,53
MS,2021,ENR_AP_GAP_AS,1.037269331,1.091166745,1.18658479,1.256114775,4,0.046979866,1.31270073,42
MS,2021,ENR_AP_GAP_BL,1.385923141,1.782101135,2.350723797,3.151277349,67,0.503225806,11.29519918,75
MS,2021,ENR_AP_GAP_HI,1.257990868,1.412645161,2.00617284,2.697892272,36,0.141381185,15.22321429,53
MT,2011,ENR_AP_GAP_AS,1.004521,1.02450231,1.08192345,1.178211893,4,0.016949153,1.293933988,19
MT,2011,ENR_AP_GAP_BL,1.1292403,1.215111155,1.461640998,2.407035955,5,0.159624413,4.975484262,10
MT,2011,ENR_AP_GAP_HI,1.264423077,1.436231329,1.559431525,1.844290657,11,0.135211268,2.518904824,23
MT,2013,ENR_AP_GAP_AS,1.16311447,1.16311447,1.16311447,1.16311447,1,0.030701754,1.16311447,22
MT,2013,ENR_AP_GAP_BL,2.327901606,3.554376293,4.196353976,4.253834656,3,0.14159292,4.311315336,11
MT,2013,ENR_AP_GAP_HI,1.584786089,1.797736252,1.909526258,2.993542084,10,0.061403509,7.930232558,20
MT,2015,ENR_AP_GAP_BL,1.419800258,1.793558581,1.986437678,2.606991256,5,0.195121951,5.074598225,10
MT,2015,ENR_AP_GAP_HI,1.538200264,2.008105599,2.094396483,2.243980942,13,0.106060606,3.006870229,22
MT,2017,ENR_AP_GAP_AS,1.379976212,1.633816201,1.778588957,1.814294479,3,0.06097561,1.85,15
MT,2017,ENR_AP_GAP_BL,1.228048193,1.285780773,2.228001637,3.107934234,7,0.601226994,3.214142226,10
MT,2017,ENR_AP_GAP_HI,1.068099053,1.357333333,2.157668719,2.609019715,18,0.157894737,5.387755102,30
MT,2020,ENR_AP_GAP_AS,1.021126761,1.021126761,1.021126761,1.021126761,1,0.154506438,1.021126761,17
MT,2020,ENR_AP_GAP_BL,1.179985365,1.390534065,1.701715609,1.87955596,4,0.057692308,1.990725713,13
MT,2020,ENR_AP_GAP_HI,1.50540298,1.684263474,2.183894589,2.468555347,13,0.081395349,2.935739437,24
MT,2021,ENR_AP_GAP_BL,1.544868199,1.653813873,3.131136372,5.592610801,5,0.044871795,6.991416309,8
MT,2021,ENR_AP_GAP_HI,1.236582683,1.394610655,1.502282126,2.497570811,22,0.167597765,4.176623377,27
NC,2011,ENR_AP_GAP_AS,1.103052258,1.231827859,1.453838749,1.83152439,14,0.051470588,2.253940455,96
NC,2011,ENR_AP_GAP_BL,1.671842105,2.132933401,2.842778267,3.917976831,103,0.108024691,50.77463582,117
NC,2011,ENR_AP_GAP_HI,1.356940393,1.844197975,2.322158846,2.949714873,89,0.166666667,9.318471338,107
NC,2013,ENR_AP_GAP_AS,1.053817655,1.068256847,1.203398037,1.274191184,9,0.02780441,2.252045755,101
NC,2013,ENR_AP_GAP_BL,1.719471852,2.262709476,2.841569175,3.751278635,107,0.438554217,12.24307417,116
NC,2013,ENR_AP_GAP_HI,1.384879725,1.623725934,1.918818297,2.305637513,96,0.048192771,7.063545151,122
NC,2015,ENR_AP_GAP_AS,1.100501994,1.230092632,1.553503688,2.113644179,15,0.021806854,2.872597228,110
NC,2015,ENR_AP_GAP_BL,1.623076923,2.206728597,2.978516495,3.824952049,115,0.25940707,8.121904762,123
NC,2015,ENR_AP_GAP_HI,1.558774729,1.942899702,2.271076172,2.801279028,96,0.1,5.983606557,125
NC,2017,ENR_AP_GAP_AS,1.073544433,1.190132148,1.273639383,1.504299065,25,0.007042254,2.660305344,113
NC,2017,ENR_AP_GAP_BL,1.748314807,2.359015781,2.938704067,4.003135774,115,0.016728625,12.19314642,128
NC,2017,ENR_AP_GAP_HI,1.332498064,1.85854226,2.172847589,2.816925772,110,0.325520833,9.482917821,135
NC,2020,ENR_AP_GAP_AS,1.063224267,1.286731664,1.331239292,2.126728111,16,0.084419615,4.032838983,118
NC,2020,ENR_AP_GAP_BL,2.090715574,2.534019465,3.340268411,4.566591476,119,0.187287174,24.98268398,133
NC,2020,ENR_AP_GAP_HI,1.381174289,1.753633063,2.176089137,2.72902511,119,0.341235632,21.63798883,138
NC,2021,ENR_AP_GAP_AS,1.077141034,1.169910337,1.375202449,1.792282514,14,0.068649886,2.520833333,119
NC,2021,ENR_AP_GAP_BL,1.7054492,2.483830897,3.099655657,4.077045554,120,0.308411215,12.72280702,130
NC,2021,ENR_AP_GAP_HI,1.454545455,1.928571429,2.258754864,3.112462006,126,0.461538462,9.938931298,144
ND,2011,ENR_AP_GAP_AS,1.306023195,1.356062063,1.406100932,1.456139801,2,0.106557377,1.50617867,10
ND,2011,ENR_AP_GAP_BL,1.151335312,2.783968719,2.965289256,4.077817531,6,0.205414013,4.293259932,9
ND,2011,ENR_AP_GAP_HI,1.252343573,2.253147839,3.689414989,4.929724383,5,0.436090226,5.106887052,8
ND,2013,ENR_AP_GAP_AS,1.110670512,1.110670512,1.110670512,1.110670512,1,0.163235294,1.110670512,9
ND,2013,ENR_AP_GAP_BL,2.465188343,2.877769317,2.915599882,2.978663605,4,0.020408163,3.054343908,6
ND,2013,ENR_AP_GAP_HI,1.665743945,2.189376443,2.447606727,2.965856422,6,0.435294118,3.038805137,7
ND,2015,ENR_AP_GAP_AS,1.330706363,1.330706363,1.330706363,1.330706363,1,0.075471698,1.330706363,11
ND,2015,ENR_AP_GAP_BL,1.489370118,1.628446994,1.797801583,2.078342877,4,0.45540797,2.414477525,8
ND,2015,ENR_AP_GAP_HI,1.219506861,1.410598954,1.854418482,2.681604938,9,0.118644068,4.554582604,12
ND,2017,ENR_AP_GAP_AS,1.071899329,1.103291036,1.163300073,1.312229042,4,0.25083612,1.505617978,10
ND,2017,ENR_AP_GAP_BL,1.697077555,2.490957597,2.917788856,4.282956211,8,0.274576271,5.871910112,10
ND,2017,ENR_AP_GAP_HI,1.655624517,2.154617486,2.631175119,2.891848108,7,0.163265306,4.683811802,13
ND,2020,ENR_AP_GAP_AS,1.092509921,1.115300934,1.124313491,1.343460092,4,0.167597765,1.667673716,12
ND,2020,ENR_AP_GAP_BL,1.481391168,1.900393652,2.646394651,3.413352254,8,0.837696335,4.333552263,10
ND,2020,ENR_AP_GAP_HI,1.528540646,1.72366912,2.396126729,3.459614492,13,0.132075472,5.419939577,15
ND,2021,ENR_AP_GAP_BL,1.41016684,1.754115554,2.058397727,3.058255597,8,0.169811321,5.646173149,10
ND,2021,ENR_AP_GAP_HI,1.708489158,1.793133322,2.194647785,2.40588631,10,0.14507772,3.130630069,14
NE,2011,ENR_AP_GAP_AS,1.287843886,1.311055584,1.334267282,1.35747898,2,0.134065934,1.380690679,22
NE,2011,ENR_AP_GAP_BL,1.471355306,1.841093979,2.028284936,2.353934532,10,0.060941828,4.516318538,19
NE,2011,ENR_AP_GAP_HI,1.806590215,2.08922957,2.469709889,3.140831611,23,0.082474227,4.612247178,33
NE,2013,ENR_AP_GAP_AS,1.064435015,1.125,1.211186114,1.562738222,6,0.087719298,1.642802677,27
NE,2013,ENR_AP_GAP_BL,1.244597737,1.827479627,2.04724213,2.801365093,12,0.632845188,3.182119205,18
NE,2013,ENR_AP_GAP_HI,1.246868547,1.733496451,2.332616611,2.849496982,26,0.423371648,8.519201229,32
NE,2015,ENR_AP_GAP_AS,2.010689262,2.010689262,2.010689262,2.010689262,1,0.042600897,2.010689262,22
NE,2015,ENR_AP_GAP_BL,1.360088034,1.678032255,1.878890601,2.377031376,12,0.034482759,2.855431038,22
NE,2015,ENR_AP_GAP_HI,1.324028006,1.704970744,1.92518361,2.19107277,22,0.459745763,3.867430442,28
NE,2017,ENR_AP_GAP_AS,1.332199617,1.442724954,1.460220203,1.83860553,4,0.154669261,2.397435897,22
NE,2017,ENR_AP_GAP_BL,1.656326859,1.943320776,2.386661105,3.169880037,14,0.1875,6.771428571,19
NE,2017,ENR_AP_GAP_HI,1.317173681,1.53152284,1.756366665,2.06427561,25,0.24,5.844036697,36
NE,2020,ENR_AP_GAP_AS,1.08873533,1.121850786,1.154069811,1.329320474,4,0.197486535,1.576086957,26
NE,2020,ENR_AP_GAP_BL,1.315254237,1.571114961,2.531866672,3.338937627,19,0.34375,8.414342629,26
NE,2020,ENR_AP_GAP_HI,1.22212943,1.489652375,1.752107575,2.099141876,33,0.103448276,3.278431373,48
NE,2021,ENR_AP_GAP_AS,1.125,1.13201397,1.14945322,1.363157895,6,0.1886388,1.666666667,25
NE,2021,ENR_AP_GAP_BL,1.571913524,1.679602413,1.780264117,2.225541813,15,0.1414791,2.97516492,20
NE,2021,ENR_AP_GAP_HI,1.350119136,1.620088153,1.894580622,2.714292649,27,0.169491525,4.737623762,42
NH,2011,ENR_AP_GAP_AS,1.171306759,1.196440205,1.221358584,1.246061895,3,0.0625,1.270765206,42
NH,2011,ENR_AP_GAP_BL,1.124702908,1.351454527,1.725550401,2.408885918,7,0.033898305,5.177894048,24
NH,2011,ENR_AP_GAP_HI,1.254177536,1.321752081,2.397052172,2.832269895,9,0.063310686,4.115761936,32
NH,2013,ENR_AP_GAP_AS,1.343041237,1.343041237,1.343041237,1.343041237,1,0.059107358,1.343041237,44
NH,2013,ENR_AP_GAP_BL,1.405611224,1.707504017,2.117388713,2.458303678,7,0.051395007,2.622739917,21
NH,2013,ENR_AP_GAP_HI,1.226624004,1.392527578,1.551727614,2.474154442,14,0.025380711,3.772631579,27
NH,2015,ENR_AP_GAP_AS,1.174032814,1.224425462,1.427792666,1.784134428,3,0.04136253,2.14047619,54
NH,2015,ENR_AP_GAP_BL,1.20541824,1.371788994,1.638994691,2.33573202,7,0.01529052,6.23495702,29
NH,2015,ENR_AP_GAP_HI,1.168212446,1.516698676,1.803675002,3.345778666,12,0.107361963,3.562761506,43
NH,2017,ENR_AP_GAP_AS,1.238461538,1.301870265,1.43528328,1.479374111,6,0.131506849,3.600782779,48
NH,2017,ENR_AP_GAP_BL,1.303722504,1.555191263,1.933303993,2.363235495,12,0.145867099,6.826347305,29
NH,2017,ENR_AP_GAP_HI,1.218681815,1.406603817,1.871679697,4.417888869,23,0.078224101,13.77727273,41
NH,2020,ENR_AP_GAP_AS,1.140242044,1.182064916,1.254818555,1.523088678,4,0.06779661,1.889117043,51
NH,2020,ENR_AP_GAP_BL,1.427625248,1.754463895,2.04782893,2.299217868,10,0.098253275,2.694418165,25
NH,2020,ENR_AP_GAP_HI,1.152877332,1.312610756,1.745592918,2.940481556,22,0.033898305,7.815242494,40
NH,2021,ENR_AP_GAP_AS,1.069963636,1.267126966,1.566630435,1.917966752,8,0.033476395,2.993421053,47
NH,2021,ENR_AP_GAP_BL,1.356932477,1.63325246,1.942929055,2.473486124,15,0.198675497,3.421052632,26
NH,2021,ENR_AP_GAP_HI,1.106007919,1.357304593,1.514963826,2.023264109,23,0.287179487,5.237525355,41
NJ,2011,ENR_AP_GAP_AS,1.149911709,1.302761603,1.423082938,1.525966524,20,0.082446809,3.51010101,246
NJ,2011,ENR_AP_GAP_BL,1.405405405,1.880434783,2.516366612,3.587962963,186,0.331202046,8.730975828,222
NJ,2011,ENR_AP_GAP_HI,1.34613662,1.6127751,2.069320769,2.735901678,212,0.216201717,8.3375,253
NJ,2013,ENR_AP_GAP_AS,1.051198569,1.209246988,1.276575791,1.416141795,17,0.070945946,4,253
NJ,2013,ENR_AP_GAP_BL,1.592639595,1.985069466,2.452268757,3.953067646,188,0.199652778,17.23502304,235
NJ,2013,ENR_AP_GAP_HI,1.24105213,1.706384301,2.079298394,2.926979472,225,0.394717445,18.3,258
NJ,2015,ENR_AP_GAP_AS,1.085126263,1.167453435,1.280825963,1.520130026,25,0.070707071,2.97375,265
NJ,2015,ENR_AP_GAP_BL,1.43683162,1.742811764,2.248978438,3.05175532,209,0.12804878,23.10204082,242
NJ,2015,ENR_AP_GAP_HI,1.361473544,1.711616452,2.097529683,2.781805936,240,0.306194069,13.6,271
NJ,2017,ENR_AP_GAP_AS,1.101464968,1.126710824,1.210172291,1.390282082,17,0.037154989,5.133928571,268
NJ,2017,ENR_AP_GAP_BL,1.431255729,1.882591093,2.370300752,3.200431034,221,0.332307692,18.85714286,253
NJ,2017,ENR_AP_GAP_HI,1.359495576,1.590028292,1.939941782,2.520400122,250,0.380514208,10.22779244,278
NJ,2020,ENR_AP_GAP_AS,1.073700176,1.217651515,1.377224517,1.729746375,20,0.137953633,2.333333333,269
NJ,2020,ENR_AP_GAP_BL,1.439822711,1.88648029,2.307971963,3.294048315,229,0.11299435,18.08823529,262
NJ,2020,ENR_AP_GAP_HI,1.346850891,1.676934645,2.111710147,2.774153946,257,0.13303438,37.65,283
NJ,2021,ENR_AP_GAP_AS,1.059636335,1.15647343,1.281163912,1.449671595,28,0.109974438,2.857142857,259
NJ,2021,ENR_AP_GAP_BL,1.394942575,1.787816578,2.355354472,3.390855488,230,0.065934066,33.21756487,258
NJ,2021,ENR_AP_GAP_HI,1.355011329,1.693302463,2.127970544,2.873785109,262,0.457799145,26.322158,280
NM,2011,ENR_AP_GAP_AS,1.123546031,1.201183879,1.278821726,1.356459574,2,0.009259259,1.434097421,24
NM,2011,ENR_AP_GAP_BL,1.255985267,1.655221978,1.949524452,2.962749858,13,0.279069767,5.861111111,23
NM,2011,ENR_AP_GAP_HI,1.579528854,1.796835974,2.118788162,2.798638474,40,0.428921569,240.7564103,46
NM,2013,ENR_AP_GAP_AS,1.096741222,1.101052866,1.105364511,1.109676155,2,0.054112554,1.1139878,28
NM,2013,ENR_AP_GAP_BL,1.281064486,1.51514125,1.634167454,1.730259283,13,0.079918033,4.47761194,24
NM,2013,ENR_AP_GAP_HI,1.510036027,1.667789757,2.150816412,2.9,36,0.15,10.63829787,45
NM,2015,ENR_AP_GAP_AS,1.488096557,1.962992707,2.437888858,2.912785009,2,0.078740157,3.387681159,28
NM,2015,ENR_AP_GAP_BL,1.184228064,1.265698349,1.519304917,1.912054264,15,0.232686981,5.696920583,25
NM,2015,ENR_AP_GAP_HI,1.321473856,1.486886287,1.680970917,2.110649501,38,0.267272727,8,48
NM,2017,ENR_AP_GAP_AS,1.042455884,1.084062151,1.264220096,1.58292972,3,0.153061224,1.901639344,30
NM,2017,ENR_AP_GAP_BL,1.39738224,1.704310327,1.841178137,2.221671181,15,0.0875,3.668711656,32
NM,2017,ENR_AP_GAP_HI,1.268522668,1.36140734,1.6230156,1.869555542,38,0.503787879,3.524590164,47
NM,2020,ENR_AP_GAP_AS,1.12682429,1.319785714,1.36461039,1.685478936,10,0.03030303,4.384615385,32
NM,2020,ENR_AP_GAP_BL,1.138392857,1.279118136,1.817567568,1.911266399,16,0.227272727,3.696428571,24
NM,2020,ENR_AP_GAP_HI,1.276192643,1.619476984,1.851077854,2.567551267,33,0.17995338,11.44871795,50
NM,2021,ENR_AP_GAP_AS,1.088837209,1.09627907,1.213333333,1.44,3,0.105263158,1.666666667,27
NM,2021,ENR_AP_GAP_BL,1.271325425,1.558431382,1.865787102,2.127143957,13,0.354291417,3.226242161,24
NM,2021,ENR_AP_GAP_HI,1.378002029,1.509119435,2.029367704,2.390231371,39,0.50787717,19.72222222,47
NV,2011,ENR_AP_GAP_BL,1.422476684,1.691828421,1.899147581,2.040817051,4,0.240524781,2.149661674,7
NV,2011,ENR_AP_GAP_HI,1.46031746,1.591845878,1.886470488,2.929949239,11,1.039762893,3.69583408,11
NV,2013,ENR_AP_GAP_BL,1.335134711,1.541758139,1.651942942,1.916460166,4,0.032110092,2.2581436,9
NV,2013,ENR_AP_GAP_HI,1.48180439,1.622853741,1.802994863,2.249263782,10,0.923165138,8.448577681,12
NV,2015,ENR_AP_GAP_BL,1.266829514,1.344494048,1.854972376,1.904650399,6,0.274846025,2.171069843,9
NV,2015,ENR_AP_GAP_HI,1.245972119,1.464467175,1.513553781,1.709407323,10,0.2997003,2.278210871,11
NV,2017,ENR_AP_GAP_BL,1.56159208,1.856830636,2.063536328,2.279473317,7,0.699420811,2.562561095,9
NV,2017,ENR_AP_GAP_HI,1.378716131,1.474871631,1.588350929,1.766462514,9,0.839475152,3.911692861,11
NV,2020,ENR_AP_GAP_BL,1.48021781,1.808809688,1.9449851,2.005699096,4,0.157894737,2.028682383,9
NV,2020,ENR_AP_GAP_HI,1.291302711,1.354343474,1.565131161,2.084630583,9,0.407894737,5.754448399,12
NV,2021,ENR_AP_GAP_AS,1.408645656,1.408645656,1.408645656,1.408645656,1,0.417038008,1.408645656,9
NV,2021,ENR_AP_GAP_BL,1.384027159,1.817089092,1.954959988,2.097676896,7,0.591905565,6.788990826,8
NV,2021,ENR_AP_GAP_HI,1.154643671,1.403645167,1.469993447,1.786495236,9,0.99061973,2.940618864,10
NY,2011,ENR_AP_GAP_AS,1.083204695,1.24462404,1.337872975,1.609057366,43,0.018617021,4.729323308,356
NY,2011,ENR_AP_GAP_BL,1.429436966,1.863627599,2.339342035,3.332416392,225,0.061538462,12.675,318
NY,2011,ENR_AP_GAP_HI,1.283851286,1.588080219,1.949161636,2.796720596,235,0.039748954,14.45116681,327
NY,2013,ENR_AP_GAP_AS,1.06748382,1.19601229,1.341240495,2.153692787,48,0.047945205,3.006633499,356
NY,2013,ENR_AP_GAP_BL,1.411811402,1.804920852,2.233037233,3.118437938,229,0.02247191,25.75,317
NY,2013,ENR_AP_GAP_HI,1.291418477,1.590614949,2.091687133,2.74584164,260,0.04670913,32,349
NY,2015,ENR_AP_GAP_AS,1.065227704,1.2,1.322685596,1.666666667,41,0.007407407,2.653153153,371
NY,2015,ENR_AP_GAP_BL,1.395308006,1.770704894,2.191564542,3.190229215,245,0.013333333,11.42134831,337
NY,2015,ENR_AP_GAP_HI,1.324230359,1.582085098,1.974077093,2.556135754,279,0.101102941,10.27419355,360
NY,2017,ENR_AP_GAP_AS,1.072614294,1.221463785,1.383584775,1.519297378,43,0.037234043,3.079245283,383
NY,2017,ENR_AP_GAP_BL,1.303553974,1.697118961,2.103036543,2.928845566,274,0.04040404,20.11267606,344
NY,2017,ENR_AP_GAP_HI,1.365652174,1.64451566,1.963004366,2.624149375,309,0.060518732,13.73333333,382
NY,2020,ENR_AP_GAP_AS,1.081953773,1.168958068,1.290588235,1.754891202,52,0.053097345,3.405053191,387
NY,2020,ENR_AP_GAP_BL,1.388694546,1.762138051,2.141552776,2.972807018,267,0.120689655,13.43678161,343
NY,2020,ENR_AP_GAP_HI,1.354231975,1.679327522,2.052307692,2.825581395,341,0.053097345,10.87885638,409
NY,2021,ENR_AP_GAP_AS,1.098059929,1.178342152,1.313848178,1.574308849,54,0.03196347,3.333333333,386
NY,2021,ENR_AP_GAP_BL,1.336,1.722513089,2.330097087,3.200510856,276,0.067729084,10.83789474,356
NY,2021,ENR_AP_GAP_HI,1.316426628,1.652699545,2.064000449,2.71813836,342,0.094674556,9.45,406
OH,2011,ENR_AP_GAP_AS,1.066666667,1.180042239,1.292887029,1.420827858,26,0.013422819,1.96761658,256
OH,2011,ENR_AP_GAP_BL,1.224743525,1.56156587,2.218462943,3.109438417,162,0.083857442,32.53968254,246
OH,2011,ENR_AP_GAP_HI,1.116451517,1.349068253,1.632065825,2.149177365,114,0.045217391,8.7375852,262
OH,2013,ENR_AP_GAP_AS,1.183023873,1.600620155,1.676470588,1.784591195,16,0.034574468,3.758042592,231
OH,2013,ENR_AP_GAP_BL,1.381935484,1.914191419,2.466571835,3.515326433,141,0.035799523,11.07461024,212
OH,2013,ENR_AP_GAP_HI,1.199663763,1.362471807,1.547956602,2.435828003,110,0.048165138,4.774814167,239
OH,2015,ENR_AP_GAP_AS,1.055007052,1.241534989,1.469072165,1.814739229,16,0.013831259,4.894650206,221
OH,2015,ENR_AP_GAP_BL,1.494334853,1.948660226,2.398104698,3.411158136,145,0.036144578,19.57692308,204
OH,2015,ENR_AP_GAP_HI,1.215686275,1.536351166,1.832495286,2.324258069,121,0.036842105,3.895548654,226
OH,2017,ENR_AP_GAP_AS,1.138810198,1.238994898,1.368325331,1.933973653,32,0.016393443,5.339428976,236
OH,2017,ENR_AP_GAP_BL,1.435937083,1.912211469,2.31157662,3.567922691,160,0.083333333,14.49082569,204
OH,2017,ENR_AP_GAP_HI,1.140109944,1.498850218,1.916241961,2.740078446,147,0.04989605,11.4559387,240
OH,2020,ENR_AP_GAP_AS,1.14706314,1.339580648,1.590082966,2.173636353,22,0.018055556,4.05450237,225
OH,2020,ENR_AP_GAP_BL,1.523776569,1.967912675,2.539774082,3.370993228,155,0.012605042,14.18084154,197
OH,2020,ENR_AP_GAP_HI,1.24004284,1.547029334,1.890980003,2.585257236,170,0.075870647,10.06182796,257
OH,2021,ENR_AP_GAP_AS,1.108644314,1.217847973,1.427102311,1.839582368,25,0.012658228,2.826923077,220
OH,2021,ENR_AP_GAP_BL,1.608980998,1.964630548,2.558572439,3.541998895,154,0.0875,10.04347826,189
OH,2021,ENR_AP_GAP_HI,1.219374658,1.412736875,1.776865986,2.528920815,159,0.064903846,105.5416831,245
OK,2011,ENR_AP_GAP_AS,1.587919463,1.588516746,1.705128205,1.867713004,6,0.024475524,2.250726041,81
OK,2011,ENR_AP_GAP_BL,1.368493151,1.66779661,2.229348882,3.343134106,51,0.036713287,5.929411765,87
OK,2011,ENR_AP_GAP_HI,1.132351588,1.536453349,1.898833457,2.591497297,69,0.078651685,8.177037037,119
OK,2013,ENR_AP_GAP_AS,1.240191564,1.289119412,1.342026969,1.382883114,7,0.010339734,1.904761905,80
OK,2013,ENR_AP_GAP_BL,1.304253805,1.486506161,1.818332216,2.572859865,49,0.048611111,5.410447761,89
OK,2013,ENR_AP_GAP_HI,1.219169841,1.509840147,1.907804516,2.68689541,67,0.075,7.622162884,122
OK,2015,ENR_AP_GAP_AS,1.120284818,1.866270698,2.379384615,2.62456946,5,0.024518389,3.507462687,89
OK,2015,ENR_AP_GAP_BL,1.236144983,1.490697861,1.690338393,2.210405291,55,0.068965517,4.976241901,96
OK,2015,ENR_AP_GAP_HI,1.210401891,1.365625,1.784446023,2.294600432,76,0.042682927,4.285714286,130
OK,2017,ENR_AP_GAP_AS,1.052460222,1.219211823,1.408064516,1.923766816,11,0.018181818,2.347826087,93
OK,2017,ENR_AP_GAP_BL,1.427492447,1.742586197,2.029266508,2.601404494,61,0.097297297,6.984910837,90
OK,2017,ENR_AP_GAP_HI,1.244037231,1.381578947,1.647321429,2.313807531,91,0.087264151,3.911165947,150
OK,2020,ENR_AP_GAP_AS,1.177558304,1.373301581,1.513269537,1.772335063,8,0.016067693,1.864833906,80
OK,2020,ENR_AP_GAP_BL,1.258585004,1.614626541,1.949410753,2.96743295,57,0.026315789,10.7200754,92
OK,2020,ENR_AP_GAP_HI,1.165478493,1.295014006,1.525267743,2.175710594,113,0.058338618,5.747572816,163
OK,2021,ENR_AP_GAP_AS,1.213200619,1.391317917,2.033678387,2.566257872,8,0.023529412,2.866894198,80
OK,2021,ENR_AP_GAP_BL,1.353722301,1.680948851,2.131049759,2.755060484,65,0.086956522,5.833333333,90
OK,2021,ENR_AP_GAP_HI,1.255057801,1.521334414,1.792962963,2.264445267,108,0.051282051,6.914373089,159
OR,2011,ENR_AP_GAP_AS,1.060534591,1.105914718,1.280701754,1.675182482,6,0.027015437,2.435279188,71
OR,2011,ENR_AP_GAP_BL,1.182332561,1.388814762,1.573067673,2.057051035,23,0.02295082,3.60130719,47
OR,2011,ENR_AP_GAP_HI,1.23663151,1.55979609,1.918247299,2.530725951,66,0.334090909,7.069403715,88
OR,2013,ENR_AP_GAP_AS,1.187815134,1.20125759,1.215665513,1.355585765,4,0.070110701,1.55826218,61
OR,2013,ENR_AP_GAP_BL,1.137307538,1.336836733,1.48926008,2.105026681,27,0.02892562,4.406194296,38
OR,2013,ENR_AP_GAP_HI,1.34687788,1.68832021,2.213279678,2.707851734,61,0.17533557,5.643911439,79
OR,2015,ENR_AP_GAP_AS,1.130319721,1.22844447,1.294206077,1.381704504,5,0.031746032,1.60094451,66
OR,2015,ENR_AP_GAP_BL,1.394134563,1.542616964,1.903060914,2.227402104,20,0.034883721,3.3245476,46
OR,2015,ENR_AP_GAP_HI,1.194720798,1.431730566,1.549956622,1.853123808,57,0.317460317,7.467889908,82
OR,2017,ENR_AP_GAP_AS,1.071760988,1.206051946,1.591076093,2.231650485,4,0.060606061,3,67
OR,2017,ENR_AP_GAP_BL,1.328904348,1.590964409,2.135668839,2.754588919,30,0.063439065,4.695652174,42
OR,2017,ENR_AP_GAP_HI,1.219488107,1.348851448,1.592844942,2.177182952,67,0.216024341,6.543209877,86
OR,2020,ENR_AP_GAP_AS,1.44096385,1.557589808,1.623406712,1.835064906,5,0.010204082,2.602076125,63
OR,2020,ENR_AP_GAP_BL,1.069072716,1.219845045,1.3602541,2.01900514,20,0.129032258,4.388222465,36
OR,2020,ENR_AP_GAP_HI,1.219353667,1.361542558,1.445374607,1.836509666,65,0.455043506,3.378094672,83
OR,2021,ENR_AP_GAP_AS,1.121810926,1.393295562,1.466730955,1.735294118,6,0.074168798,2.048780488,60
OR,2021,ENR_AP_GAP_BL,1.217844721,1.468273857,1.609790478,2.077621521,23,0.094459582,4.093787696,43
OR,2021,ENR_AP_GAP_HI,1.12272409,1.293264086,1.679425837,2.196045506,66,0.421487603,9.2125,82
PA,2011,ENR_AP_GAP_AS,1.095235612,1.138101149,1.23110119,1.852277495,25,0.013671875,5.799069046,273
PA,2011,ENR_AP_GAP_BL,1.570888918,2.076688337,2.74685436,3.739852223,207,0.033333333,11.2591623,275
PA,2011,ENR_AP_GAP_HI,1.24370165,1.603563666,2.517227328,3.565359323,147,0.062305296,8.761766836,232
PA,2013,ENR_AP_GAP_AS,1.074838589,1.215833857,1.663461335,2.387988722,20,0.028787879,6.050447518,280
PA,2013,ENR_AP_GAP_BL,1.440133275,1.825786979,2.416410161,3.167191416,215,0.072139303,15,291
PA,2013,ENR_AP_GAP_HI,1.333291139,1.677792768,2.21299878,3.41607093,160,0.079220779,39.78947368,251
PA,2015,ENR_AP_GAP_AS,1.093770967,1.126471307,1.616981766,2.334301654,19,0.010243278,4,318
PA,2015,ENR_AP_GAP_BL,1.293324727,1.743907667,2.226945553,2.856085345,225,0.066345639,25.62352941,302
PA,2015,ENR_AP_GAP_HI,1.304357198,1.651226741,2.083323929,2.837834538,192,0.025694444,26.6,311
PA,2017,ENR_AP_GAP_AS,1.073422338,1.19726221,1.322280396,2.075326429,35,0.030927835,6.272925764,340
PA,2017,ENR_AP_GAP_BL,1.419781459,1.802070653,2.495183121,3.449420843,263,0.081967213,13.76482412,319
PA,2017,ENR_AP_GAP_HI,1.301165769,1.679875533,2.16623784,2.842042067,244,0.039393939,15.66666667,330
PA,2020,ENR_AP_GAP_AS,1.106666602,1.171631206,1.26434807,1.617948196,19,0.01984127,1.968929416,334
PA,2020,ENR_AP_GAP_BL,1.439450922,1.924367524,2.52470063,3.344096873,245,0.080597015,44.13513514,290
PA,2020,ENR_AP_GAP_HI,1.339007913,1.748898147,2.306331624,3.081121643,270,0.065830721,17.5,328
PA,2021,ENR_AP_GAP_AS,1.077565751,1.174135121,1.270830699,1.799803519,23,0.005405405,3.401028278,327
PA,2021,ENR_AP_GAP_BL,1.472466125,1.917513132,2.570959962,3.704192907,244,0.01659751,27.3,292
PA,2021,ENR_AP_GAP_HI,1.319715556,1.816474107,2.448072015,3.423769766,267,0.014285714,20.42257598,331
PR,2017,ENR_AP_GAP_HI,1.760999095,1.760999095,1.760999095,1.760999095,1,1.760999095,1.760999095,1
PR,2021,ENR_AP_GAP_BL,1.108910891,1.108910891,1.108910891,1.108910891,1,1.108910891,1.108910891,1
RI,2011,ENR_AP_GAP_AS,1.125805068,1.179576712,1.227690226,1.388212147,4,0.012140623,1.604938272,22
RI,2011,ENR_AP_GAP_BL,1.300622505,1.758004659,1.958252638,2.068947146,12,0.433793103,3.290123457,18
RI,2011,ENR_AP_GAP_HI,1.489598463,2.246472045,2.375412654,2.503219805,13,0.153103448,9.314895947,19
RI,2013,ENR_AP_GAP_AS,1.686203094,1.892586593,2.098970092,2.30535359,2,0.054430949,2.511737089,25
RI,2013,ENR_AP_GAP_BL,1.514756631,2.072564156,2.602756414,2.757224037,13,0.26374269,7.05629771,20
RI,2013,ENR_AP_GAP_HI,1.497142857,2.510012233,2.713299617,4.085870719,17,0.301329394,6.835076428,24
RI,2015,ENR_AP_GAP_AS,1.101638892,1.164014923,1.318407871,2.191657826,4,0.025337838,3.424336283,26
RI,2015,ENR_AP_GAP_BL,1.36008126,1.445132743,1.867332382,2.242950108,16,0.261363636,3.300393529,25
RI,2015,ENR_AP_GAP_HI,1.396882831,1.734056779,1.987141868,2.528388486,15,0.099229858,3.337651822,27
RI,2017,ENR_AP_GAP_AS,1.196850394,1.215434084,1.337078652,2.052516411,6,0.14066092,2.06235012,29
RI,2017,ENR_AP_GAP_BL,1.286884135,1.759570896,2.039399827,2.420867755,17,0.219325153,5.841191067,25
RI,2017,ENR_AP_GAP_HI,1.275327032,1.714016977,2.160240549,2.609388571,23,0.331288344,3.241157556,28
RI,2020,ENR_AP_GAP_AS,1.338165012,1.389649924,1.5,2.159223301,6,0.213017751,2.330296128,32
RI,2020,ENR_AP_GAP_BL,1.28319624,1.419005102,1.805400372,2.443542435,21,0.449499545,3.930144808,33
RI,2020,ENR_AP_GAP_HI,1.278050491,1.534796238,1.94484127,2.691624365,31,0.171428571,5.508341812,37
RI,2021,ENR_AP_GAP_AS,1.239223845,1.360561551,1.719518072,2.028182817,9,0.275990676,2.752688172,33
RI,2021,ENR_AP_GAP_BL,1.404682274,1.591455274,1.737360027,2.265326633,26,0.414545455,4.470359281,32
RI,2021,ENR_AP_GAP_HI,1.242857143,1.575879397,1.878801365,2.900142896,31,0.55828877,5.696890344,36
SC,2011,ENR_AP_GAP_AS,1.310638485,1.42967004,1.548701595,1.667733151,2,0.040816327,1.786764706,45
SC,2011,ENR_AP_GAP_BL,1.759835707,2.555727829,3.33298951,4.422376296,59,0.393567226,9.649062102,61
SC,2011,ENR_AP_GAP_HI,1.319922474,1.782110107,2.151515467,2.503624578,30,0.145833333,5.18498452,46
SC,2013,ENR_AP_GAP_AS,1.325875843,1.399378506,1.43767796,1.475535644,4,0.019920319,1.513172443,48
SC,2013,ENR_AP_GAP_BL,1.914162565,2.633356835,3.332320091,4.127024428,64,0.466575716,16.85,69
SC,2013,ENR_AP_GAP_HI,1.364545834,1.788262563,2.010174478,2.596680441,34,0.078715365,3.918452381,51
SC,2015,ENR_AP_GAP_AS,1.335363139,1.446175675,1.546969326,1.671967095,5,0.020833333,1.965098634,44
SC,2015,ENR_AP_GAP_BL,1.861756516,2.325267344,2.792960651,4.282122058,62,0.218503224,12.08604207,69
SC,2015,ENR_AP_GAP_HI,1.263829773,1.777177066,2.027070676,2.355763588,38,0.162790698,3.536226318,54
SC,2017,ENR_AP_GAP_AS,1.016328932,1.027456482,1.254963585,1.538446851,9,0.039087948,1.788144604,54
SC,2017,ENR_AP_GAP_BL,1.671516322,2.224096698,2.922692661,4.572493066,62,0.218610491,27.58333333,68
SC,2017,ENR_AP_GAP_HI,1.278576403,1.527499191,1.883641342,2.145941846,46,0.263157895,8.133173844,54
SC,2020,ENR_AP_GAP_AS,1.249902165,1.66338499,1.994848925,2.504681363,5,0.013865546,4.021756648,45
SC,2020,ENR_AP_GAP_BL,2.031973148,2.944868123,3.796969697,5.213280443,62,0.177882353,15.19584245,66
SC,2020,ENR_AP_GAP_HI,1.472214604,1.712254017,2.244248506,2.621720006,48,0.145299145,7.248913988,55
SC,2021,ENR_AP_GAP_AS,1.261248162,1.36709762,1.806049986,2.804294722,8,0.014689266,3.803018268,52
SC,2021,ENR_AP_GAP_BL,2.107685778,3.017296959,3.503849899,4.652051136,55,0.137923729,12.21658986,60
SC,2021,ENR_AP_GAP_HI,1.452336572,1.810866236,2.392596118,3.145157068,49,0.120338983,5.540942928,56
SD,2011,ENR_AP_GAP_AS,1.539529156,1.842146867,2.144764578,2.447382289,2,0.226415094,2.75,16
SD,2011,ENR_AP_GAP_BL,1.212221911,1.337079684,1.449134786,2.323290325,4,0.073684211,3.578496083,12
SD,2011,ENR_AP_GAP_HI,1.422427797,1.534671714,1.724251231,2.569494728,7,0.008583691,2.886126704,18
SD,2013,ENR_AP_GAP_AS,1.327925062,1.424016213,3.433968722,7.357782587,3,0.073643411,11.28159645,19
SD,2013,ENR_AP_GAP_BL,1.031057568,1.096595272,1.160258921,1.502446837,5,0.147058824,2.721174904,11
SD,2013,ENR_AP_GAP_HI,1.179117732,1.508920398,1.840478399,2.113231383,10,0.21719457,3.182984791,19
SD,2015,ENR_AP_GAP_AS,1.867053244,2.312412903,2.757772562,3.20313222,2,0.153266332,3.648491879,14
SD,2015,ENR_AP_GAP_BL,1.293731778,1.472938144,1.861788618,2.479433272,6,0.385179153,2.667263129,10
SD,2015,ENR_AP_GAP_HI,1.273796429,1.564351263,2.014149041,2.399114394,12,0.045774648,4.979118329,16
SD,2017,ENR_AP_GAP_AS,1.127642625,1.187378687,1.269817645,1.869287469,4,0.010416667,2.727272727,14
SD,2017,ENR_AP_GAP_BL,1.651362534,1.787950163,2.11812848,2.430581662,4,0.372093023,2.734172276,9
SD,2017,ENR_AP_GAP_HI,1.180327516,1.542267119,2.805541354,3.767308226,15,0.24,4.972972973,20
SD,2020,ENR_AP_GAP_AS,1.056663097,1.056663097,1.056663097,1.056663097,1,0.092827004,1.056663097,10
SD,2020,ENR_AP_GAP_BL,1.734648595,2.013563041,2.396451981,3.51969112,8,0.275835866,5.946835443,13
SD,2020,ENR_AP_GAP_HI,1.379354209,2.476455696,3.164327068,4.470755171,12,0.282958199,6.984126984,17
SD,2021,ENR_AP_GAP_AS,1.064102564,1.064102564,1.064102564,1.064102564,1,0.170542636,1.064102564,13
SD,2021,ENR_AP_GAP_BL,2.374025862,2.768005829,2.908922705,3.333830202,8,1.157360406,4.320872274,8
SD,2021,ENR_AP_GAP_HI,1.442692015,2.169877873,2.670655271,3.059895681,17,0.76744186,3.599498328,18
TN,2011,ENR_AP_GAP_BL,1.813659804,2.094082247,2.55,3.204661326,41,0.22447644,12.56,52
TN,2011,ENR_AP_GAP_HI,1.138480362,1.336748963,1.74357133,2.143143789,29,0.03483871,3.93952272,49
TN,2013,ENR_AP_GAP_AS,1.082032924,1.108278569,1.134524214,1.160769859,2,0.011409396,1.187015504,45
TN,2013,ENR_AP_GAP_BL,1.710727162,1.97506267,2.458139445,3.640061136,39,0.049636804,10.05491329,52
TN,2013,ENR_AP_GAP_HI,1.274198512,1.41164157,1.643533674,1.973543286,35,0.296644295,5.91680261,50
TN,2015,ENR_AP_GAP_BL,1.54966611,1.932567806,2.553973934,3.3740047,46,0.02292076,6.315165877,59
TN,2015,ENR_AP_GAP_HI,1.364817624,1.691568184,1.889376117,2.574264919,38,0.106200528,4.923076923,57
TN,2017,ENR_AP_GAP_AS,1.156048124,1.220037637,1.270122695,1.293020861,4,0.040197897,1.302325581,55
TN,2017,ENR_AP_GAP_BL,1.687694113,2.094304733,2.482687869,3.792767141,48,0.073770492,6.151029748,59
TN,2017,ENR_AP_GAP_HI,1.320169758,1.624559342,2.036170213,2.518954248,51,0.061636776,9.995423341,62
TN,2020,ENR_AP_GAP_AS,1.181818182,1.181818182,1.181818182,1.181818182,1,0.047085202,1.181818182,62
TN,2020,ENR_AP_GAP_BL,1.517359135,1.867267628,2.68034188,4.219534884,56,0.273607444,9.405405405,61
TN,2020,ENR_AP_GAP_HI,1.213704029,1.789970669,2.049245491,2.851093576,45,0.314814815,7.614730878,61
TN,2021,ENR_AP_GAP_AS,1.727678571,1.727678571,1.727678571,1.727678571,1,0.012345679,1.727678571,58
TN,2021,ENR_AP_GAP_BL,1.472645451,2.009582992,2.470807977,3.463714406,53,0.155097614,7.768275862,65
TN,2021,ENR_AP_GAP_HI,1.338439994,1.612676092,1.965247944,2.475536064,45,0.173913043,5.540069686,63
TX,2011,ENR_AP_GAP_AS,1.113598252,1.249156627,1.366710522,1.53417473,28,0.012195122,5.774058577,350
TX,2011,ENR_AP_GAP_BL,1.304347826,1.651237544,2.105251666,2.837681159,291,0.058052434,12.59550562,395
TX,2011,ENR_AP_GAP_HI,1.295312283,1.536956522,1.876624454,2.487052342,476,0.097014925,13.6,586
TX,2013,ENR_AP_GAP_AS,1.16791388,1.235930042,1.341223855,1.463608055,24,0.014492754,4.675806452,341
TX,2013,ENR_AP_GAP_BL,1.319323393,1.637180332,2.127914807,3.04264896,288,0.05952381,15.46612903,384
TX,2013,ENR_AP_GAP_HI,1.238822256,1.493579327,1.768055147,2.419832493,470,0.131942967,30.16216216,594
TX,2015,ENR_AP_GAP_AS,1.091523798,1.117342071,1.226136874,1.655509613,22,0.033057851,5.457364341,355
TX,2015,ENR_AP_GAP_BL,1.323436553,1.665726643,1.998544116,2.779237537,289,0.055555556,18.70824053,402
TX,2015,ENR_AP_GAP_HI,1.242647059,1.458085295,1.820831343,2.314942529,461,0.102272727,10.63736264,575
TX,2017,ENR_AP_GAP_AS,1.073170732,1.11627907,1.25,1.497021497,36,0.031914894,2.775330396,353
TX,2017,ENR_AP_GAP_BL,1.31905192,1.57417855,2.105994297,2.792932072,318,0.041474654,10.89919355,387
TX,2017,ENR_AP_GAP_HI,1.208008598,1.400935065,1.710466749,2.29378089,445,0.206751055,11.20588235,581
TX,2020,ENR_AP_GAP_AS,1.058218031,1.121003983,1.225750288,1.574323789,24,0.008368201,14.58570184,350
TX,2020,ENR_AP_GAP_BL,1.39179974,1.712060469,2.165389969,2.832136106,298,0.074468085,13.63636364,384
TX,2020,ENR_AP_GAP_HI,1.241759406,1.408248655,1.634004474,2.228571429,416,0.078219396,13.34347826,564
TX,2021,ENR_AP_GAP_AS,1.109382598,1.156706785,1.228033916,1.673195573,27,0.008298755,2.142857143,336
TX,2021,ENR_AP_GAP_BL,1.316596195,1.620141621,1.974020931,2.838209983,291,0.058394161,10.88181818,360
TX,2021,ENR_AP_GAP_HI,1.211055023,1.407090537,1.659890713,2.10001448,432,0.074074074,12.8,542
UT,2011,ENR_AP_GAP_AS,1.041226388,1.051156178,1.059574028,1.184782609,5,0.012927054,1.673913043,30
UT,2011,ENR_AP_GAP_BL,1.214362667,1.486154728,1.812890978,2.700839076,13,0.088311688,4.323220814,23
UT,2011,ENR_AP_GAP_HI,1.206563913,1.633637251,2.016092711,2.803434077,30,0.313186813,4.781505823,35
UT,2013,ENR_AP_GAP_AS,1.042103066,1.061520537,1.181804105,1.387651922,5,0.065546218,1.565069945,35
UT,2013,ENR_AP_GAP_BL,1.317583289,1.513565552,2.05225715,2.550584435,13,0.193675889,3.01089061,23
UT,2013,ENR_AP_GAP_HI,1.412526409,1.629194647,1.834638954,2.300255202,31,0.198453608,2.875659599,40
UT,2015,ENR_AP_GAP_AS,1.445931388,1.869120074,2.29230876,2.715497446,2,0.08815427,3.138686131,36
UT,2015,ENR_AP_GAP_BL,1.292323932,1.521484699,1.895010004,2.683822798,12,0.118110236,3.388882079,27
UT,2015,ENR_AP_GAP_HI,1.490127747,1.64519174,1.880333078,2.413434534,34,0.298329356,5.771259064,44
UT,2017,ENR_AP_GAP_AS,1.079224977,1.134686915,1.162577979,1.281950236,4,0.149416342,1.447063089,39
UT,2017,ENR_AP_GAP_BL,1.410534264,1.861395296,2.403283827,2.684927677,22,0.030848329,4.151329243,32
UT,2017,ENR_AP_GAP_HI,1.196496299,1.422526042,1.856408706,2.49736211,41,0.250746269,9.760273973,52
UT,2020,ENR_AP_GAP_AS,1.050516855,1.230037321,1.38636849,1.68590717,7,0.02027027,1.77440525,40
UT,2020,ENR_AP_GAP_BL,1.605045357,1.704505866,1.937574297,2.468241583,19,0.097905282,4.881889764,35
UT,2020,ENR_AP_GAP_HI,1.38216205,1.664454033,1.953392326,2.522558615,43,0.13320289,8.888888889,53
UT,2021,ENR_AP_GAP_AS,1.181600956,1.317143199,1.709302326,1.950336265,6,0.064516129,2.258693046,39
UT,2021,ENR_AP_GAP_BL,1.512103256,1.688471234,2.153646792,2.622451214,20,0.106983655,4.040139296,31
UT,2021,ENR_AP_GAP_HI,1.312735577,1.69124861,2.184975866,2.902978372,40,0.405405405,13.04347826,48
VA,2011,ENR_AP_GAP_AS,1.146291868,1.258233722,1.467556411,1.670098012,9,0.020713464,1.865384615,83
VA,2011,ENR_AP_GAP_BL,1.596775799,1.899746345,2.20668395,2.909162167,94,0.198770492,7.569526627,105
VA,2011,ENR_AP_GAP_HI,1.294541453,1.539439831,1.937739688,2.344891062,53,0.074019608,6.664298401,85
VA,2013,ENR_AP_GAP_AS,1.023477393,1.064958392,1.148155234,1.358423913,7,0.007063572,2.188086643,82
VA,2013,ENR_AP_GAP_BL,1.588162953,1.873641224,2.357932298,2.980304822,89,0.358779326,11.24009901,102
VA,2013,ENR_AP_GAP_HI,1.271265388,1.552410975,1.839816408,2.29996908,59,0.155368926,5.377990431,88
VA,2015,ENR_AP_GAP_AS,1.091755155,1.24282826,1.28375286,1.823310554,11,0.054794521,2.74566416,92
VA,2015,ENR_AP_GAP_BL,1.482745178,1.806468116,2.354903826,3.222200659,88,0.377400295,5.87183908,97
VA,2015,ENR_AP_GAP_HI,1.25001826,1.437554914,1.67457263,2.36339679,69,0.235356763,30.53443526,93
VA,2017,ENR_AP_GAP_AS,1.139246377,1.145574491,1.305050505,1.50584899,11,0.068396226,2.213423959,85
VA,2017,ENR_AP_GAP_BL,1.685684431,1.995475113,2.484605087,3.389412011,91,0.236933798,12.94117647,96
VA,2017,ENR_AP_GAP_HI,1.247474747,1.514285714,1.8671875,2.405387576,71,0.228070175,5.150586114,94
VA,2020,ENR_AP_GAP_AS,1.15814385,1.213414311,1.287278343,1.504583736,13,0.055374593,1.917624521,82
VA,2020,ENR_AP_GAP_BL,1.679118188,2.01568108,2.540662932,3.389173603,83,0.093587522,9.328703704,98
VA,2020,ENR_AP_GAP_HI,1.316701429,1.605277209,1.985171373,2.443718365,74,0.181034483,8.669546436,90
VA,2021,ENR_AP_GAP_AS,1.102706231,1.251643979,1.313186199,1.440634844,12,0.020698577,1.732142857,79
VA,2021,ENR_AP_GAP_BL,1.551424306,1.796024828,2.36791803,3.533940379,85,0.117032393,11.06735751,94
VA,2021,ENR_AP_GAP_HI,1.367816205,1.595408131,1.873320574,2.681350961,79,0.038674033,7.378238342,96
VT,2011,ENR_AP_GAP_AS,1.18685052,1.290367706,1.428831929,1.60224319,3,0.039936102,1.77565445,23
VT,2011,ENR_AP_GAP_BL,1.067073171,1.225419664,1.598981077,2.122555411,6,0.078694818,3.531413613,22
VT,2011,ENR_AP_GAP_HI,1.084101838,1.117843963,1.173091447,1.249844289,3,0.059585492,1.326597132,10
VT,2013,ENR_AP_GAP_AS,1.181364384,1.308769415,1.423966547,2.445205676,4,0.044979079,3.919465803,31
VT,2013,ENR_AP_GAP_BL,1.27519276,1.627120148,1.865527608,1.970312376,5,0.058558559,2.244444444,19
VT,2013,ENR_AP_GAP_HI,1.177137613,1.326261219,1.593961353,2.226761168,9,0.089958159,2.616497829,20
VT,2015,ENR_AP_GAP_AS,1.097163636,1.133721212,1.48345129,2.146353869,3,0.063758389,2.809256449,25
VT,2015,ENR_AP_GAP_BL,1.311299808,1.513981871,1.891079213,2.150707117,10,0.094339623,4.170604812,21
VT,2015,ENR_AP_GAP_HI,1.065065324,1.22762531,1.352318666,1.604852336,9,0.07827476,3.15862069,22
VT,2017,ENR_AP_GAP_AS,1.096147444,1.183254806,1.271532431,1.679928765,5,0.070680628,3.079971691,27
VT,2017,ENR_AP_GAP_BL,1.221603142,1.298801989,1.625358116,2.055918013,10,0.07239819,4.226086957,22
VT,2017,ENR_AP_GAP_HI,1.119206487,1.288404662,1.51327376,1.990896396,12,0.258064516,3.308035714,19
VT,2020,ENR_AP_GAP_AS,1.59723992,1.887813173,2.178386426,2.468959679,2,0.058823529,2.759532932,20
VT,2020,ENR_AP_GAP_BL,2.007451291,2.078123847,3.376796531,4.392999607,8,0.124444444,6.852459016,14
VT,2020,ENR_AP_GAP_HI,1.461433786,1.850377015,2.415175334,3.189965278,9,0.399201597,4.201668985,18
VT,2021,ENR_AP_GAP_AS,1.028225806,1.07288458,1.118414533,1.547507191,5,0.159574468,3.166107383,22
VT,2021,ENR_AP_GAP_BL,1.469967985,1.914516129,2.583123198,2.661572097,9,0.331125828,3.322195704,13
VT,2021,ENR_AP_GAP_HI,1.588338558,1.966896552,2.092218606,2.196203286,8,0.130434783,2.514261745,21
WA,2011,ENR_AP_GAP_AS,1.075219619,1.148571429,1.252413984,1.657110092,11,0.039800995,2.058371736,126
WA,2011,ENR_AP_GAP_BL,1.208477572,1.344049185,1.611344216,2.259183764,49,0.059957173,3.085597715,83
WA,2011,ENR_AP_GAP_HI,1.212549159,1.468882861,1.642470637,2.340885584,120,0.099502488,13.25094103,157
WA,2013,ENR_AP_GAP_AS,1.102764103,1.13657386,1.223615314,1.435233944,10,0.034482759,2.275862069,121
WA,2013,ENR_AP_GAP_BL,1.228715982,1.485991471,1.765138841,2.200843195,49,0.097046414,4.457632818,84
WA,2013,ENR_AP_GAP_HI,1.188840301,1.382796623,1.714246701,2.368186773,112,0.174863388,4.278757347,154
WA,2015,ENR_AP_GAP_AS,1.113116424,1.1366213,1.157815135,1.229792328,8,0.043010753,2.729281768,118
WA,2015,ENR_AP_GAP_BL,1.235991379,1.430468827,1.759092795,2.234522207,51,0.032467532,3.231368187,88
WA,2015,ENR_AP_GAP_HI,1.19660664,1.301467433,1.541897034,1.877802029,105,0.142857143,4.557558946,146
WA,2017,ENR_AP_GAP_AS,1.14335084,1.245255704,1.348589255,1.578001938,10,0.068965517,2.195121951,122
WA,2017,ENR_AP_GAP_BL,1.149223174,1.364787689,1.641874283,2.027278058,54,0.161016949,9.819770617,86
WA,2017,ENR_AP_GAP_HI,1.143463515,1.317218997,1.521644151,1.816406455,118,0.181818182,5.442176871,151
WA,2020,ENR_AP_GAP_AS,1.242247186,1.300893616,1.382159975,1.513045057,5,0.010909091,1.595477387,116
WA,2020,ENR_AP_GAP_BL,1.244316922,1.463601946,1.648447133,1.822152069,53,0.036363636,4.01974026,98
WA,2020,ENR_AP_GAP_HI,1.190782031,1.388550548,1.597178675,1.999048072,116,0.264919942,8.236472946,143
WA,2021,ENR_AP_GAP_AS,1.079828686,1.140839132,1.165315464,1.277481277,13,0.038461538,2.147619048,113
WA,2021,ENR_AP_GAP_BL,1.095626023,1.230006232,1.460961443,2.092972288,48,0.091476091,4.442317708,85
WA,2021,ENR_AP_GAP_HI,1.181870539,1.37891344,1.675880385,1.970572717,113,0.259259259,5.983002833,147
WI,2011,ENR_AP_GAP_AS,1.05015229,1.147718323,1.305979142,1.58568254,34,0.054093567,3.803999348,152
WI,2011,ENR_AP_GAP_BL,1.389943777,1.693861835,2.348739419,3.122726332,78,0.041666667,8.574615385,116
WI,2011,ENR_AP_GAP_HI,1.248048917,1.526779613,1.841301862,2.35667344,102,0.073863636,6.346076459,166
WI,2013,ENR_AP_GAP_AS,1.122536017,1.263712109,1.447267374,1.555658658,32,0.018134715,2.327365729,154
WI,2013,ENR_AP_GAP_BL,1.392444128,2.045094529,2.430727156,3.52362486,75,0.027237354,8.766336349,120
WI,2013,ENR_AP_GAP_HI,1.24030426,1.435204328,1.861303745,2.272115832,112,0.048469388,5.124199744,189
WI,2015,ENR_AP_GAP_AS,1.099691577,1.177195402,1.373291726,1.487820527,37,0.063414634,3.131403118,170
WI,2015,ENR_AP_GAP_BL,1.453070684,1.770833333,2.369532934,3.182478386,81,0.086956522,11.28947368,123
WI,2015,ENR_AP_GAP_HI,1.172951955,1.494224379,1.774937809,2.326156657,139,0.051282051,4.159364732,205
WI,2017,ENR_AP_GAP_AS,1.186253737,1.268523105,1.418269409,1.673453816,38,0.044270833,2.727048371,169
WI,2017,ENR_AP_GAP_BL,1.402989979,1.879254774,2.426062399,3.47699005,102,0.084507042,12.14002334,134
WI,2017,ENR_AP_GAP_HI,1.266084507,1.526578548,1.810915224,2.287584684,175,0.101010101,5.285306705,219
WI,2020,ENR_AP_GAP_AS,1.087332414,1.221948347,1.354798346,1.784164166,33,0.042372881,2.599758162,166
WI,2020,ENR_AP_GAP_BL,1.466165414,1.974160207,2.476309524,3.965217391,96,0.03125,13.47878609,127
WI,2020,ENR_AP_GAP_HI,1.271677871,1.485700615,1.757445043,2.264162939,173,0.075471698,8.929292929,224
WI,2021,ENR_AP_GAP_AS,1.069643806,1.26939222,1.352024922,1.726027397,36,0.06,3.096960926,171
WI,2021,ENR_AP_GAP_BL,1.394780256,1.864767364,2.327747828,3.514894198,97,0.04494382,19.63359274,126
WI,2021,ENR_AP_GAP_HI,1.292107506,1.574647094,1.901386437,2.554742413,184,0.052238806,10.49253731,225
WV,2011,ENR_AP_GAP_BL,1.155781564,1.383783784,1.621385009,1.87859116,16,0.067567568,3.34386757,37
WV,2011,ENR_AP_GAP_HI,1.212680558,1.421676517,1.545100671,1.58295302,3,0.032094595,1.620805369,22
WV,2013,ENR_AP_GAP_BL,1.229030038,1.466359106,1.718487401,1.898604583,17,0.045751634,3.211206897,29
WV,2013,ENR_AP_GAP_HI,1.193794497,1.247583876,1.411023611,1.758177433,5,0.022875817,2.364096996,23
WV,2015,ENR_AP_GAP_BL,1.401934614,1.621284783,1.878910635,2.228762816,15,0.134831461,3.009708738,32
WV,2015,ENR_AP_GAP_HI,1.089922569,1.164571716,1.30107527,1.6205679,5,0.045121951,2.367597005,26
WV,2017,ENR_AP_GAP_BL,1.411930094,1.575117416,2.05230932,2.288500873,15,0.101876676,3.567741935,31
WV,2017,ENR_AP_GAP_HI,1.169735637,1.234685127,1.293965475,1.42951339,14,0.109500805,1.793813427,31
WV,2020,ENR_AP_GAP_BL,1.129195402,1.47967328,1.747994766,2.082913231,23,0.296551724,5.651376147,28
WV,2020,ENR_AP_GAP_HI,1.214158121,1.392857143,1.588792423,1.960784314,16,0.151162791,2.593432369,29
WV,2021,ENR_AP_GAP_AS,1.377245509,1.377245509,1.377245509,1.377245509,1,0.023188406,1.377245509,25
WV,2021,ENR_AP_GAP_BL,1.454217703,1.742935515,2.568914505,2.922922576,17,0.045685279,4.71894602,30
WV,2021,ENR_AP_GAP_HI,1.358006328,1.507731959,1.836327345,2.254203759,11,0.302223154,2.523556231,26
WY,2011,ENR_AP_GAP_AS,1.267374686,1.307352111,1.34798377,1.389269663,3,0.074025974,1.430555556,13
WY,2011,ENR_AP_GAP_BL,1.94315309,1.94315309,1.94315309,1.94315309,1,0.164179104,1.94315309,5
WY,2011,ENR_AP_GAP_HI,1.730357601,2.004934273,2.202792439,3.461946001,13,0.285714286,3.954491018,19
WY,2013,ENR_AP_GAP_BL,3.077180406,3.077180406,3.077180406,3.077180406,1,0.101659751,3.077180406,6
WY,2013,ENR_AP_GAP_HI,1.445537632,1.766954018,2.149786634,2.280208407,12,0.323432343,3.096041056,15
WY,2015,ENR_AP_GAP_BL,1.732186064,1.935503546,2.091953431,2.164643854,4,0.339779006,2.195454545,7
WY,2015,ENR_AP_GAP_HI,1.429425541,1.872509588,2.110960906,2.652652115,13,0.295202952,6.850847458,16
WY,2017,ENR_AP_GAP_AS,1.037109375,1.037109375,1.037109375,1.037109375,1,0.039426523,1.037109375,8
WY,2017,ENR_AP_GAP_BL,1.125083385,1.39899438,1.723147421,2.217162339,5,0.582450832,3.245641838,9
WY,2017,ENR_AP_GAP_HI,1.143002271,1.775417594,2.333444779,2.697070535,13,0.6,3.600633914,15
WY,2020,ENR_AP_GAP_BL,1.012456728,1.092330612,1.309916509,1.440521956,4,0.342379958,1.527637178,10
WY,2020,ENR_AP_GAP_HI,1.514022969,1.867017815,2.012080764,2.558400374,12,0.321568627,4.956713781,21
WY,2021,ENR_AP_GAP_AS,1.132149901,1.132149901,1.132149901,1.132149901,1,0.086956522,1.132149901,12
WY,2021,ENR_AP_GAP_BL,1.482031538,1.946045058,2.353906422,2.705615632,3,0.356359649,3.057324841,8
WY,2021,ENR_AP_GAP_HI,1.504221196,1.604540373,2.212691745,2.463072611,13,0.460794844,3.563596491,18
PR,2021,ENR_AP_GAP_HI,0.815514198,0.815514198,0.815514198,0.815514198,1,0.815514198,0.815514198,1
