"GEOG","LEA_STATE","SCHOOLS","YEAR","ENR","ENR_HS_TOT","STU_TEACH_RAT","ENR_AP","SCH_FTETEACH_TOT","SCH_APCOURSES_TOT","SCH_APCOURSES_MODE","SCH_APCOURSES_MEAN","PCT_ENR_WH","PCT_ENR_BL","PCT_ENR_AS","PCT_ENR_HI","PCT_ENR_OTH","PCT_ENR_NON_WH","PCT_ENR_AP","ENR_AP_GAP_BL","ENR_AP_GAP_AS","ENR_AP_GAP_HI"
"STATE","AK",493,2011,134408,38108,NA,7312,0,0,NA,NA,0.50518570323195,0.0371555264567585,0.064683649782751,0.0638652461163026,0.329109874412237,0.49481429676805,0.0544015237188263,1.88480056771533,0.744556479222854,1.2675232915858
"STATE","AK",495,2013,129440,37372,16.7966686953125,3750,7706.29,0,NA,NA,0.486287082818294,0.0345797280593325,0.0628244746600742,0.0666872682323857,0.349621446229913,0.513712917181706,0.0289709517923362,1.6419314483899,0.809962023942087,1.55695638125503
"STATE","AK",503,2015,132342,0,16.5955862133034,4308,7974.52999243326,0,NA,NA,0.475533088513095,0.0322497770926841,0.0599809584258965,0.0669553127502985,0.365280863218026,0.524466911486905,0.0325520243006755,NA,NA,NA
"STATE","AK",506,2017,131621,37699,18.0004621892459,4487,7312.09002392367,492,1,8.94545454545455,0.473723797874199,0.0290911024836462,0.059223072306091,0.0675424134446631,0.3704196138914,0.526276202125801,0.0340903047386055,1.864282790286,0.720262045203875,1.22803492291792
"STATE","AK",496,2020,111906,36699,14.8460747376566,4030,7537.75000984967,486,2,8.23728813559322,0.524100584419066,0.0265401318964131,0.0605686915804336,0.0816220756706522,0.384420853216092,0.475899415580934,0.0360123675227423,1.41327291381669,0.634372093023256,1.19448899316817
"STATE","AK",498,2021,128143,37225,17.5261059680113,4190,7311.54999484122,542,1,10.2264150943396,0.46883559773066,0.0239732174211623,0.0525272547076313,0.0762741624591277,0.378389767681418,0.53116440226934,0.0326978453758691,1.80201357306878,0.924985439981698,1.37556847619596
"STATE","AL",1432,2011,747743,214551,NA,25045,0,0,NA,NA,0.578165225217755,0.341832688503938,0.0135327244788651,0.0463448002856596,0.0201245615137821,0.421834774782245,0.0334941283301883,1.5038918084393,0.34225229535991,1.54020049830503
"STATE","AL",1397,2013,742606,213681,15.7321747066554,27304,47203.01,0,NA,NA,0.56825422902589,0.334709118967528,0.0138714203763503,0.0553900722590445,0.0277751593711874,0.43174577097411,0.0367678149651363,1.68422634884673,0.374972955259534,2.05586204800247
"STATE","AL",1400,2015,746839,0,15.9757740478174,31166,46748.2200089097,0,NA,NA,0.553725769543369,0.334027815901419,0.014900132424793,0.0673920349633589,0.0299542471670601,0.446274230456631,0.0417305470121405,NA,NA,NA
"STATE","AL",1390,2017,742981,218640,15.6374683178119,33466,47512.8700439129,1853,1,7.72083333333333,0.545406948495318,0.327751315309544,0.015147089898665,0.0774528554565998,0.0342417908398734,0.454593051504682,0.0450428745822571,1.77578019293001,0.40187242809504,1.61898771078738
"STATE","AL",1396,2020,730852,215487,15.1735606859741,31165,48166.1499977112,1925,1,7.29166666666667,0.535752792631066,0.32371670324498,0.0159252488875997,0.0910293739361731,0.0345911347304242,0.464247207368934,0.042642012336287,1.82978401667797,0.424140588545844,1.68781675320294
"STATE","AL",1371,2021,733112,218469,15.3926941470529,27997,47627.2699890137,1782,1,7.04347826086957,0.528856436669977,0.318271969358024,0.0148190181036458,0.0920432348672508,0.0460093410011021,0.471143563330023,0.0381892534837787,2.0174961545056,0.40877073798671,1.9100397828028
"STATE","AR",1097,2011,477512,133794,NA,29615,0,0,NA,NA,0.64614292415688,0.210093149491531,0.016016351421535,0.099968168339225,0.0277794065908291,0.35385707584312,0.0620193838060614,1.8806833443803,0.529585916460939,1.3605497178574
"STATE","AR",1085,2013,481569,133293,13.7756687035907,26486,34957.94,0,NA,NA,0.636226584352398,0.203547155236321,0.0156716898305331,0.111961110453538,0.0325934601272092,0.363773415647602,0.0549993874190407,1.66168213212991,0.527057035697804,1.27730757106073
"STATE","AR",1092,2015,485821,0,14.1641748789549,30370,34299.2799899578,0,NA,NA,0.619487424380585,0.202576669184741,0.0164505033746997,0.122652170243773,0.0388332328162019,0.380512575619415,0.0625127361723763,NA,NA,NA
"STATE","AR",1088,2017,496573,143487,14.2381501451256,30154,34876.2300536633,2179,5,8.13059701492537,0.608544967205225,0.204360688156626,0.0162916630586037,0.130077551538243,0.0407251300413031,0.391455032794775,0.0607242036921057,1.41327790279968,0.551187844188611,1.1656831749541
"STATE","AR",1069,2020,481443,142461,12.4925885322359,28291,38538.2900235355,2346,5,8.68888888888889,0.597811163522992,0.196953741149004,0.01734577094277,0.137318436450421,0.0513435650741625,0.402188836477008,0.0587629272831883,1.63759086521465,0.440765843197268,1.09693824788162
"STATE","AR",1049,2021,484189,144424,11.8513954974225,25406,40855.0199936628,2040,5,7.81609195402299,0.59580453087534,0.19415352269465,0.0174642546608866,0.138193969710175,0.0543837220589481,0.40419546912466,0.0524712457325548,1.68581741459732,0.46025869669766,1.10322068941844
"STATE","AZ",1920,2011,1100119,310841,NA,45087,0,0,NA,NA,0.426947448412399,0.0532851446070834,0.0285987243198236,0.419459167599142,0.0717095150615524,0.573052551587601,0.0409837481217941,1.65568693774616,0.454620042897674,2.0204876761519
"STATE","AZ",1913,2013,1103654,318333,19.3728768069247,47789,56969.03,0,NA,NA,0.409918325852124,0.0511238123542342,0.0282960058134162,0.43617111884703,0.0744907371331957,0.590081674147876,0.0433007083741825,1.55057779295995,0.458558038427882,1.61797731426216
"STATE","AZ",1977,2015,1134663,0,19.6261551274748,51166,57813.8200085647,0,NA,NA,0.39526802231147,0.053212275362817,0.028575004208298,0.444368944788012,0.0785757533294027,0.60473197768853,0.0450935652259746,NA,NA,NA
"STATE","AZ",2000,2017,1146677,327661,18.8365862637336,60290,60874.9899766985,2567,1,11.9953271028037,0.384725602763463,0.0539716066512191,0.0293238636512287,0.450637799484946,0.0813411274491422,0.615274397236537,0.0525780145585897,1.36739939870109,0.47590027231845,1.30139316699185
"STATE","AZ",2024,2020,1089578,347673,17.564631448022,48369,62032.4999829531,2672,2,11.9820627802691,0.371477764786,0.0568467792117682,0.0302612571105511,0.470815306476452,0.0849567447213508,0.628522235214,0.0443924161464347,1.66096887910692,0.478180957675638,1.64939110727404
"STATE","AZ",2023,2021,1115843,358923,18.1775219579907,46049,61385.8700090572,2632,2,12.0182648401826,0.357282341691439,0.0572015955649675,0.0305392425278467,0.468045235754492,0.0869315844612549,0.642717658308561,0.0412683504758286,1.85296984042235,0.381499558882581,1.66936274325912
"STATE","CA",9866,2011,6276950,1846627,NA,370523,0,0,NA,NA,0.259783493575702,0.0660628171325246,0.106374433442994,0.520421382996519,0.047357872852261,0.740216506424298,0.0590291463210636,1.91465854200138,0.632752068590574,1.60780591490201
"STATE","CA",9881,2013,6261328,1818468,22.8235057911658,392594,274336.82,0,NA,NA,0.24904812525394,0.0619443670735665,0.108820365264366,0.532219363048861,0.0479677793592669,0.75095187474606,0.0627013949756346,1.76720825361658,0.607118711991841,1.48373646495769
"STATE","CA",10138,2015,6282366,0,22.1970820708898,425288,283026.659987845,0,NA,NA,0.240268077345382,0.0583168825248322,0.110785649865035,0.538458759008947,0.0521706312558039,0.759731922654618,0.0676955147153159,NA,NA,NA
"STATE","CA",10121,2017,6230002,1754248,21.5751241708645,454749,288758.569853939,15980,10,12.6124704025257,0.233849684157405,0.0550797575987937,0.114818422209174,0.544409295534737,0.0518428404998907,0.766150315842595,0.0729933955077382,1.74482064877031,0.67412584626317,1.39861888679135
"STATE","CA",10150,2020,5981470,1949431,20.8800320502198,443451,286468.430010721,17285,1,12.6630036630037,0.218745392019019,0.0521032455232577,0.116325752699587,0.55819372161024,0.0566636629457307,0.781254607980981,0.07413746119265,1.87746784487893,0.606148516838809,1.50037452098109
"STATE","CA",9984,2021,5843568,1937564,20.343725764073,403318,287241.779985048,15981,9,11.639475600874,0.211562353685283,0.0508049191863601,0.117630872097321,0.561078437009717,0.0589234180213185,0.788437646314717,0.0690191335156877,1.99569296863683,0.609734914407637,1.64510430310953
"STATE","CO",1811,2011,865959,241674,NA,46282,0,0,NA,NA,0.560611992022717,0.0482759576377173,0.0315453733952762,0.316717073210164,0.042849603734126,0.439388007977283,0.0534459483647609,1.45648291312531,0.692678184435132,2.01784425003693
"STATE","CO",1841,2013,879844,248894,17.237292834186,51073,51043.05,0,NA,NA,0.547985779297239,0.0473890826100991,0.0310509590336469,0.327358031651065,0.0462161474079496,0.452014220702761,0.0580477902900969,1.40384758777716,0.681972122154603,1.84796830063596
"STATE","CO",1868,2015,901978,0,17.2921948024123,53962,52160.989990361,0,NA,NA,0.539701633520995,0.0466020235526809,0.0313389018357432,0.332882841931843,0.0494745991587378,0.460298366479005,0.0598262928807576,NA,NA,NA
"STATE","CO",1908,2017,910919,270243,17.1843106532783,59458,53008.7600474227,2446,1,9.26515151515152,0.534447080366092,0.0457966076017736,0.0317382774977797,0.336588653875921,0.051429380658434,0.465552919633908,0.0652725434423917,1.49145610595171,0.672692244879438,1.83806576224116
"STATE","CO",1925,2020,881493,278378,16.346187381505,53751,53926.5199539661,2474,1,8.7112676056338,0.524128949407426,0.0458494849079913,0.0321806299085756,0.341644233136281,0.056196702639726,0.475871050592574,0.0609772284068053,1.48701312998435,0.599115339910509,2.00301044160102
"STATE","CO",1880,2021,854420,279798,15.9619969959303,55281,53528.3899763823,2602,1,9.12982456140351,0.520072095690644,0.0451663116500082,0.0315102642728401,0.343971348985277,0.0592799794012312,0.479927904309356,0.0647000304299993,1.51872261140219,0.605849127208288,1.89417562407714
"STATE","CT",1122,2011,562531,167961,NA,29829,0,0,NA,NA,0.611431192236517,0.127157436656824,0.0444793264726744,0.19000730626401,0.0269247383699743,0.388568807763483,0.0530264109889055,2.33351174025449,0.572937132304166,2.4788032188184
"STATE","CT",1139,2013,547017,168559,12.3014872643085,29717,44467.55,0,NA,NA,0.582563247577315,0.129666902491147,0.0468724006749333,0.210477919333403,0.0304195299232017,0.417436752422685,0.0543255511254678,2.27292137867363,0.567880146348052,2.37603372004791
"STATE","CT",1238,2015,537516,0,12.033344015621,33033,44668.8800139204,0,NA,NA,0.558232685166581,0.12838873633529,0.0500115345403672,0.229596886418265,0.0337701575394965,0.441767314833419,0.0614549148304423,NA,NA,NA
"STATE","CT",1214,2017,529367,161131,11.7928735691589,35778,44888.7200304102,2383,11,13.3128491620112,0.535159917410794,0.127967931510653,0.0516957044923465,0.247928185927721,0.0372482606584846,0.464840082589206,0.0675863814706999,2.00180448176558,0.599910649227805,2.1234500630577
"STATE","CT",1176,2020,507822,158662,11.2833937805504,37187,45006.1399855912,2274,15,13.0689655172414,0.497052116686556,0.127186297560956,0.0525124945354868,0.276998633379412,0.0462504578375888,0.502947883313444,0.0732284146807346,1.5487597905146,0.609576259902141,2.17907081490797
"STATE","CT",1102,2021,494746,157779,11.1600903347647,32720,44331.7200093642,2327,10,13.2971428571429,0.486669927599213,0.124550779591952,0.0513637300756348,0.28891188609913,0.0485016553948895,0.513330072400787,0.0661349460127015,1.91200966360469,0.597454200164655,2.307150139764
"STATE","DC",211,2011,73505,16090,NA,3393,0,0,NA,NA,0.0770287735528195,0.758084484048704,0.0144071831848174,0.129664648663356,0.0208149105503027,0.92297122644718,0.0461601251615536,3.54958244654992,1.53382592841378,1.84110307858898
"STATE","DC",204,2013,76395,16757,13.0876104981841,3590,5837.2,0,NA,NA,0.0913803259375614,0.726317167353884,0.0153413181490935,0.146999149158976,0.0199620394004843,0.908619674062439,0.0469926042280254,3.51258914660639,1.11248100969966,2.32014885423682
"STATE","DC",221,2015,82585,17394,12.1112619987223,4183,6818.86000061035,0,NA,NA,0.102718411333777,0.703929284979112,0.0151480293031422,0.154410607253133,0.0237936671308349,0.897281588666223,0.0506508445843676,3.0155148429628,1.15458621107476,1.96189122992192
"STATE","DC",228,2017,85397,17932,11.9560271583529,4942,7142.58999824524,275,5,8.59375,0.11310701781093,0.678630396852348,0.0161246882208977,0.165942597515135,0.0261952996006885,0.88689298218907,0.0578708853941005,2.6870562831311,1.14224636643122,1.96639454061295
"STATE","DC",240,2020,89225,18470,11.136837374278,4916,8011.70000076294,315,10,9.84375,0.129223872233119,0.6516559260297,0.0156234239282712,0.172048192771084,0.0314485850378257,0.870776127766882,0.0550966657326982,2.61629140961523,1.1831566793913,2.07390756267903
"STATE","DC",231,2021,83011,19434,10.1914636226629,4638,8145.15000724792,304,8,10.1333333333333,0.131898182168628,0.643938755104745,0.0147932201756394,0.17512136945706,0.0342484730939273,0.868101817831372,0.0558721133343774,2.90459711638432,1.0694804277168,2.05592978158808
"STATE","DE",232,2011,133095,38047,NA,5433,0,0,NA,NA,0.49227995041136,0.320913633119201,0.0338855704571922,0.128457117096811,0.0244637289154363,0.50772004958864,0.0408204665840189,2.38476944938628,0.439950011332799,1.72841044953428
"STATE","DE",227,2013,135401,38272,14.3738097108486,5984,9419.98,0,NA,NA,0.477640490099778,0.312442301016979,0.0352730038921426,0.142148137753783,0.0324960672373173,0.522359509900222,0.0441946514427515,2.11949080229397,0.467451763207126,1.95271481941414
"STATE","DE",235,2015,139175,39118,14.5662212077607,6595,9554.64001369476,0,NA,NA,0.455678103107598,0.311234057840848,0.0370756242141189,0.158670738279145,0.0373414765582899,0.544321896892402,0.0473863840488594,2.02554372220182,0.536383190808457,1.9685217398123
"STATE","DE",231,2017,138525,40281,14.3971589182681,11121,9621.69000053406,424,17,12.1142857142857,0.44041147807255,0.305403356794802,0.0382963364013716,0.17334777116044,0.0425410575708356,0.55958852192745,0.0802815376285869,1.40883415172615,0.547439456823,2.04522016253653
"STATE","DE",232,2020,139187,42930,13.5883667999823,6493,10243.1000022888,467,7,11.974358974359,0.421806634240267,0.301702026769741,0.0426548456393198,0.182538599150783,0.0512978941998894,0.578193365759733,0.0466494715742131,2.57109406108532,0.421132556040011,1.89864520668979
"STATE","DE",229,2021,138394,44040,14.3383754662246,7253,9652,470,8,11.75,0.414866251427085,0.303835426391318,0.0423501018830296,0.184401057849329,0.0545471624492391,0.585133748572915,0.0524083414020839,1.97652474351158,0.427564231098558,1.9204202687077
"STATE","FL",3886,2011,2667464,787259,NA,172809,0,0,NA,NA,0.423637957250782,0.229383039471198,0.0255208692600912,0.285469644576272,0.0359884894416569,0.576362042749218,0.0647840045826298,1.9121745597247,0.553048828600053,1.17840694815565
"STATE","FL",3954,2013,2723643,806206,16.9120014822915,184757,161047.94,0,NA,NA,0.408479011382916,0.228666165132508,0.0260742689111605,0.299256914360656,0.0375236402127592,0.591520988617084,0.0678345142883998,2.00869393980947,0.534429440900122,1.15340757329017
"STATE","FL",3952,2015,2784084,833894,18.2840707241954,195563,152268.279968739,0,NA,NA,0.393025138609324,0.225322583657677,0.0266004905024417,0.315684799740238,0.03936698749032,0.606974861390676,0.0702432110525401,2.06023601469729,0.545685705587929,1.172061347734
"STATE","FL",3976,2017,2831696,850984,16.8625079348123,210262,167928.519941807,7219,1,13.2216117216117,0.380400650352298,0.221170987281121,0.0274658720427617,0.331226586469734,0.039735903854086,0.619599349647702,0.0742530271611077,2.0141712700158,0.55399339893007,1.15894625701262
"STATE","FL",3982,2020,2764513,855874,16.1651422615529,192124,171016.929840147,7152,1,12.6808510638298,0.364899351169627,0.21682842511502,0.028104769266775,0.351794692229698,0.0430028724769968,0.635100648830373,0.0694965080648924,2.10655940848885,0.515794340417236,1.15696975336237
"STATE","FL",3934,2021,2772796,873270,16.1946642656381,191359,171216.639907956,7393,1,12.7685664939551,0.361612610520211,0.21146921735317,0.0281495645550556,0.354490918192323,0.0442776893792403,0.638387389479789,0.0690130106938989,2.17547493673769,0.523300339900642,1.23402576100006
"STATE","GA",2422,2011,1701201,467122,NA,91417,0,0,NA,NA,0.438574277819023,0.372392797794029,0.0339513085167479,0.120666517360382,0.0344150985098175,0.561425722180977,0.0537367424543014,1.71741286884165,0.480371080415482,1.47128308879496
"STATE","GA",2440,2013,1737492,489619,15.9154887776738,95589,109169.88,0,NA,NA,0.42621145881535,0.370088610479933,0.0355115304128019,0.132476581187136,0.035710668020342,0.57378854118465,0.0550155051073616,1.7842519868164,0.461867437044055,1.45962062890766
"STATE","GA",2407,2015,1769640,513340,15.7225948630084,115363,112553.940072803,0,NA,NA,0.409469157568771,0.369394905178454,0.0378670238014511,0.145101263533826,0.0381676499174973,0.590530842431229,0.0651900951605976,1.78506824792351,0.484060986755739,1.432713019897
"STATE","GA",2416,2017,1772363,520409,15.3658361562253,109059,115344.390111953,4600,1,12.1052631578947,0.396383810765628,0.367245310356851,0.0408505481100655,0.155844485582242,0.0396758451852132,0.603616189234372,0.061533105802818,1.70658801743242,0.435604640725247,1.39308921287177
"STATE","GA",2393,2020,1725285,530504,14.8940277300191,105014,115837.369936049,4944,1,13.4713896457766,0.375163523707677,0.366207901882877,0.0430265144599298,0.170751499027697,0.0448505609218187,0.624836476292323,0.060867624769241,1.72764839781973,0.45241946312659,1.42631865731971
"STATE","GA",2366,2021,1703956,538058,14.5671018229185,102794,116972.890058279,4998,13,13.2222222222222,0.367065229383857,0.364347436201404,0.0452822725469437,0.176138350990284,0.0471667108775109,0.632934770616143,0.0603266751019393,1.88178068912865,0.398339535306906,1.65102285479026
"STATE","HI",286,2011,183441,51598,NA,5082,0,0,NA,NA,0.140895437770182,0.0238387274382499,0.342747804471192,0.0681036409526769,0.424414389367699,0.859104562229818,0.027703730354719,1.20917135529555,1.0098536843298,1.44200785746278
"STATE","HI",287,2013,187541,50738,15.9404509948917,5138,11765.1,0,NA,NA,0.136690110429186,0.0210993862675362,0.319482139905407,0.0974986802885769,0.425229683109293,0.863309889570814,0.027396675926864,1.39601818743654,0.966745581330806,2.1069754242579
"STATE","HI",290,2015,182913,50219,15.2267618995215,6682,12012.6000003815,0,NA,NA,0.128213959642016,0.0198126978399567,0.301301711742741,0.120253891194174,0.430417739581112,0.871786040357984,0.0365310284124146,1.27809982659103,1.01781792508056,1.70673682473224
"STATE","HI",292,2017,180814,50385,14.890512148093,7761,12142.9000024796,345,9,8.84615384615385,0.122158682402911,0.0172165872111673,0.286012145077262,0.142212439302266,0.432400146006393,0.877841317597089,0.0429225613060936,1.26995133819951,0.956638344419363,1.59854712425507
"STATE","HI",259,2020,101481,52060,9.7570379208757,5211,10400.7999992371,334,9,8.35,0.177915077699274,0.0222701786541323,0.403385855480336,0.242124141464905,0.415397956267676,0.822084922300726,0.0513495137020723,1.62629207527167,0.902029439834156,2.14079339601009
"STATE","HI",294,2021,172476,52292,14.0929956643852,5938,12238.4200000763,500,17,12.1951219512195,0.112491013242422,0.0136656694264709,0.2562095595909,0.175920128017811,0.441713629722396,0.887508986757578,0.0344279783853986,1.13565035623859,0.716207079290244,2.04543003551885
"STATE","IA",1458,2011,496711,143232,NA,15298,0,0,NA,NA,0.805287179063882,0.0536368230218376,0.0223892766618819,0.0856836268977333,0.033003094354665,0.194712820936118,0.0307985931457125,1.32582376365803,0.378715285426989,1.45457333050409
"STATE","IA",1424,2013,501498,145018,14.2611811376288,12750,35165.25,0,NA,NA,0.787737937140328,0.0542056000223331,0.0231326944474355,0.0963832358254669,0.0385405325644369,0.212262062859672,0.0254238302047067,1.22809977962046,0.34669722485713,1.18928874711198
"STATE","IA",1365,2015,503130,146985,14.1229473877616,15580,35624.9999512136,0,NA,NA,0.772774432055334,0.0574225349313299,0.0246755311748455,0.102156500308071,0.0429710015304196,0.227225567944666,0.0309661518891738,1.08924962980448,0.382654154347174,1.08439839726915
"STATE","IA",1343,2017,506255,147745,14.1400951997572,16627,35802.799970448,903,1,5.16,0.758730284145342,0.0617751923437793,0.0253666630453033,0.107888317152423,0.0462395433131525,0.241269715854658,0.032843132413507,1.31643633885492,0.418316639225597,1.25313663881008
"STATE","IA",1314,2020,495771,151660,13.6917270119385,18764,36209.5300006866,1037,1,5.82584269662921,0.739000465940928,0.0663229595922311,0.0257397064370445,0.116507419756299,0.0524294482734972,0.260999534059072,0.037848119393833,1.11082587007609,0.399339735476685,1.17878840046108
"STATE","IA",1298,2021,485197,154060,13.6899997241529,16608,35441.7099909782,1075,1,6.03932584269663,0.733990523436872,0.0657464906007251,0.0248373341137723,0.120299589651214,0.0551260621974167,0.266009476563128,0.0342293954826596,1.41535017811316,0.386152113447142,1.44909250349333
"STATE","ID",703,2011,285820,80600,NA,9303,0,0,NA,NA,0.779123224406969,0.0116052060737527,0.0144461549226786,0.154068994472045,0.0407564201245539,0.220876775593031,0.0325484570708838,1.03395782145782,0.572879483256842,2.08357903357903
"STATE","ID",715,2013,290323,84827,19.727479295602,9356,14716.68,0,NA,NA,0.767135225249119,0.0119832049131485,0.0138432022264857,0.164899095145751,0.0421392724654953,0.232864774750881,0.0322261756733018,1.17767284054579,0.489150737323578,1.98716600881545
"STATE","ID",720,2015,297049,85893,19.3764929423555,10815,15330.3800065219,0,NA,NA,0.757205040245885,0.0114661217509569,0.0132570720655515,0.171628249884699,0.0464435160529071,0.242794959754115,0.03640813468485,1.24667044292397,0.458314548468928,1.41676872579717
"STATE","ID",725,2017,305345,89938,18.2013537250698,11979,16775.9499986768,664,1,9.35211267605634,0.754779020452275,0.0107746974733498,0.0128182875108484,0.177248685912656,0.0443793086508703,0.245220979547725,0.0392310337487105,1.96886174126665,0.540710492251386,1.70135014582537
"STATE","ID",755,2020,308998,93715,17.55024285881,11746,17606.4800063372,581,1,7.17283950617284,0.743797694483459,0.0117800115211102,0.0118253192577298,0.182557815908194,0.050039158829507,0.256202305516541,0.0380131910238901,1.85466527246473,0.498032265797787,1.73723640443819
"STATE","ID",761,2021,314601,96853,17.8329972739083,12383,17641.5100147128,618,1,7.92307692307692,0.741246849183569,0.0111633465882181,0.0113477070956545,0.175476238155632,0.0607658589769263,0.258753150816431,0.0393609683376722,1.46619241387627,0.475895450160513,1.74257874468326
"STATE","IL",4221,2011,2074684,617886,NA,101318,0,0,NA,NA,0.506370608728847,0.180078990342626,0.0428532730767674,0.236271162258927,0.0344259655928325,0.493629391271153,0.0488353889074192,1.84549268363575,0.459179807687355,1.39864184774223
"STATE","IL",4134,2013,2052294,610049,14.9588809969176,111291,137195.69,0,NA,NA,0.49846269589055,0.174813647557319,0.0454525521197255,0.245687508709766,0.0355835957226401,0.50153730410945,0.0542276106639692,1.53663913172965,0.474249931639521,1.05150212096966
"STATE","IL",4081,2015,2032308,609599,14.8944057276114,125295,136447.739988208,0,NA,NA,0.486935051183187,0.17299641589759,0.0478362531663508,0.254679408829764,0.0375336809184435,0.513064948816813,0.0616515803706918,1.79334182066572,0.480273247044642,1.18108773560209
"STATE","IL",4145,2017,1993890,608506,14.4735741728164,143767,137760.720067669,5470,2,11.3721413721414,0.479717035543586,0.168425540024776,0.0509200607857003,0.262474860699437,0.0384625029465016,0.520282964456414,0.0721037770388537,1.79713598256331,0.492801016606536,1.13403642424862
"STATE","IL",4179,2020,1857697,605084,13.1216161103534,138143,141575.320019782,5788,1,12.1852631578947,0.467357701498145,0.166055067107284,0.0547635055663006,0.271606725962307,0.0426011346306744,0.532642298501855,0.0743625036806325,1.80830523663547,0.453363580474023,1.05794612707447
"STATE","IL",4063,2021,1808588,602071,12.7865007142146,137290,141445.109997094,5514,1,11.4875,0.467385053975809,0.163979303191219,0.0540377355152196,0.270097446184537,0.0445004611332155,0.532614946024191,0.0759100469537562,1.80153920346687,0.445992660683034,1.125549729624
"STATE","IN",1875,2011,1047784,310555,NA,55089,0,0,NA,NA,0.724542462950379,0.119941705542364,0.0180123002450887,0.089269353225474,0.0482341780366946,0.275457537049621,0.0525766761088163,2.06512195733992,0.47643773130352,1.5439651450642
"STATE","IN",1864,2013,1032176,310205,17.018341060629,52593,60650.8,0,NA,NA,0.71313613182248,0.118039946675761,0.0197543829734464,0.10048867634977,0.0485808621785432,0.28686386817752,0.0509535195548046,1.77866165627051,0.491385739622895,1.32008686426369
"STATE","IN",1879,2015,1034752,316136,17.0049993518073,54131,60849.8700054362,0,NA,NA,0.694851519977734,0.122395511194953,0.021984978043048,0.110335616650173,0.050432374134092,0.305148480022266,0.0523130179985156,1.75020669509707,0.527880806765147,1.37053150704851
"STATE","IN",1886,2017,1049075,324114,16.8788872693982,57274,62153.0900263786,3080,3,9.19402985074627,0.680092462407359,0.12466982818197,0.0241689107070515,0.119000071491552,0.0520687272120678,0.319907537592641,0.0545947620522842,2.38445462912319,0.560923092948301,1.52486930947619
"STATE","IN",1860,2020,1025327,322909,15.8742989129608,53778,64590.3800616264,2873,2,8.81288343558282,0.65780965487108,0.128284927637719,0.0277560232004034,0.132154912530344,0.0542880466426808,0.34219034512892,0.0524496087589618,2.03940903341458,0.511553027149788,1.51466473492585
"STATE","IN",1836,2021,1024012,321594,15.6765956197645,55421,65321.0700101852,2953,3,8.9214501510574,0.651696464494557,0.128878372519072,0.0281559200478119,0.135741573340937,0.0555276695976219,0.348303535505443,0.054121436076921,1.85948227329741,0.474202143686508,1.31362717432648
"STATE","KS",1389,2011,484295,134757,NA,17055,0,0,NA,NA,0.670440537275834,0.0746383918892411,0.0267997811251407,0.167978195108353,0.0601430946014309,0.329559462724166,0.03521613892359,1.94187462339315,0.488944210862777,1.68325073927301
"STATE","KS",1396,2013,493857,138231,13.8705447281864,17396,35604.73,0,NA,NA,0.656756915463383,0.0728874957730679,0.0273176243325497,0.182538670100859,0.0604992943301401,0.343243084536617,0.0352247715431795,1.80275536092924,0.470888976657842,1.61334561786054
"STATE","KS",1356,2015,492837,140107,13.9596678640006,17490,35304.3499889374,0,NA,NA,0.646913685457869,0.0722267199905851,0.0282831849069774,0.188482195939022,0.0640942137055456,0.353086314542131,0.0354884069175001,1.89267966271594,0.419282146951233,1.61353757490676
"STATE","KS",1350,2017,485036,141624,13.8633800993215,18744,34986.8499979842,1008,1,9.6,0.642706933093626,0.0700813960200892,0.0284679900048656,0.195496829101345,0.0632468517800741,0.357293066906374,0.0386445542186559,1.92341618430402,0.41991273867581,1.82520458974776
"STATE","KS",1339,2020,472996,142979,13.2370666897063,16689,35732.6899597645,1063,1,10.1238095238095,0.628971492359343,0.0691062926536377,0.0283977031518237,0.206120136322506,0.0674043755126893,0.371028507640657,0.0352835964786172,1.89450641877434,0.364849197619045,1.70616915531404
"STATE","KS",1365,2021,468365,143816,13.2042375146438,17280,35470.8099941835,1024,3,9.57009345794392,0.629904027841534,0.0675285300993883,0.0273782199780086,0.204669435162747,0.0705197869183223,0.370095972158466,0.0368943025204701,1.56312008002398,0.37790075130726,1.77291215719682
"STATE","KY",1417,2011,691078,192594,NA,42518,0,0,NA,NA,0.807930508567774,0.107743264870246,0.0142169190742579,0.0436940547955513,0.0264152526921708,0.192069491432226,0.0615241694859336,1.84610467524679,0.491447477834253,1.08366929244501
"STATE","KY",1422,2013,686436,194214,15.6634613475757,40924,43824.03,0,NA,NA,0.793481111130535,0.10699176616611,0.0150924485312542,0.0520966266338013,0.0323380475382993,0.206518888869465,0.0596180852985566,1.72407863297953,0.468492774750797,1.06485459547886
"STATE","KY",1407,2015,689683,198669,16.3091276668179,44659,42288.1599856019,0,NA,NA,0.779919180261076,0.106047270992615,0.0165815309352268,0.0598187863119723,0.037633231499109,0.220080819738924,0.0647529372189832,1.69061992838264,0.484928827322294,1.18050828818232
"STATE","KY",1401,2017,679515,198551,16.2826685540317,43582,41732.4100005552,2981,1,13.8009259259259,0.766477561201739,0.106012376474397,0.017912776024076,0.0675996850694981,0.0419976012302892,0.233522438798261,0.0641369211864344,1.68627040902762,0.495268822821682,1.27026479078015
"STATE","KY",1399,2020,659694,200414,15.4060573420162,37670,42820.4300006628,1930,1,9.50738916256158,0.746687100382905,0.106309895193832,0.0192422547423502,0.0784772940181357,0.049283455662777,0.253312899617095,0.0571022322470721,1.57664264523974,0.424867399420801,1.30148020894244
"STATE","KY",1357,2021,645735,199070,14.9118707026367,32187,43303.4199985266,1785,1,8.70731707317073,0.739304823185982,0.106264953889754,0.0195157456232046,0.0825865099460305,0.0523279673550295,0.260695176814018,0.049845524867012,1.7035079715064,0.403500820450782,1.42130901201334
"STATE","LA",1394,2011,692830,179570,NA,9799,0,0,NA,NA,0.475224802621134,0.448606440252299,0.0154135935222205,0.0396662962054184,0.021088867398929,0.524775197378866,0.0141434406708716,1.70448817638816,0.306793701234041,0.924841293956656
"STATE","LA",1343,2013,710413,184462,15.1098721129272,18513,47016.48,0,NA,NA,0.469495912940782,0.440837935116615,0.0155444790565488,0.0482508062211699,0.0258708666648837,0.530504087059218,0.0260594893392998,2.02201976440196,0.422354134879763,1.01574435221129
"STATE","LA",1367,2015,723781,198038,14.7331225657466,23099,49126.1100130081,0,NA,NA,0.455586703712863,0.439963193286367,0.0158984554720281,0.0591698317585015,0.0293818157702399,0.544413296287137,0.0319143497826,1.69797998992155,0.397093255491018,1.18393055440092
"STATE","LA",1365,2017,715911,200450,14.9156919054969,23244,47997.1699962616,1206,1,6.51891891891892,0.447248331147307,0.434973062294056,0.0159265607037746,0.0684442619264126,0.0334077839284492,0.552751668852693,0.032467722943215,1.48987915065673,0.382668332243424,1.26753072256018
"STATE","LA",1346,2020,684940,200622,14.4144728089035,25995,47517.5200009346,1246,2,7,0.437213478552866,0.427538178526586,0.0164189564049406,0.0853228019972552,0.0383581043595059,0.562786521447134,0.0379522293923555,1.31579026332924,0.396744445670279,1.28585426596167
"STATE","LA",1328,2021,655386,198822,14.1232372493197,26143,46404.8000065684,1167,1,6.70689655172414,0.431275614675931,0.420053220544839,0.0159417503578044,0.0933907651368812,0.0393386492845438,0.568724385324069,0.0398894697170828,1.12207026224619,0.368860458961265,1.19484843167388
"STATE","MA",1834,2011,953289,280915,NA,47525,0,0,NA,NA,0.660150279715805,0.0860599461443487,0.0577369507043509,0.160445573168263,0.0356072502672327,0.339849720284195,0.0498537169735516,1.8126450491809,0.595718661383219,2.12281363686077
"STATE","MA",1859,2013,949200,281827,13.294724661098,48669,71396.74,0,NA,NA,0.647523177412558,0.0879614412136536,0.0615813316477033,0.165739570164349,0.0371944795617362,0.352476822587442,0.0512737041719343,1.67724646121107,0.5996926562747,2.21583536871029
"STATE","MA",1873,2015,954716,285971,12.8131980529835,55368,74510.3600250445,0,NA,NA,0.623647241692818,0.0884325809979093,0.0648821220132479,0.179380046003209,0.0436580092928159,0.376352758307182,0.0579942097964211,1.53219032987428,0.609814549162703,2.0325401483476
"STATE","MA",1861,2017,955568,289767,12.4141948400646,61160,76973.8200753927,4083,17,13.0031847133758,0.598016049093314,0.0912295095691777,0.0690102640523751,0.197193710965625,0.0445504663195084,0.401983950906686,0.0640038176247007,1.60970120700738,0.629838158758041,2.1649603908801
"STATE","MA",1855,2020,905104,288005,11.8306608563872,63492,76504.9400863647,4376,12,13.3822629969419,0.56322035920734,0.0951327140306528,0.0725286817868444,0.22406706853577,0.0450511764393926,0.43677964079266,0.0701488447736393,1.50125879309833,0.664758941092666,1.96536263637625
"STATE","MA",1807,2021,889207,285549,11.4083183579617,59350,77943.740006119,4476,12,13.4414414414414,0.558096146341628,0.0949688880092037,0.0717853098322438,0.2288634704855,0.0462861853314245,0.441903853658372,0.0667448636819098,1.51609090491841,0.574798416961765,2.06492735490887
"STATE","MD",1444,2011,860248,259444,NA,66098,0,0,NA,NA,0.365065655485395,0.389050599362044,0.0587005142703034,0.122410049195116,0.0647731816871414,0.634934344514605,0.0768359821818824,1.41584115389743,0.543784362639322,1.29885447287048
"STATE","MD",1435,2013,882933,253379,14.1947197101807,69085,62201.51,0,NA,NA,0.402063350220232,0.352751567786004,0.0603160149184593,0.138996956733976,0.0458721103413283,0.597936649779768,0.0782448951392688,2.15290385775095,0.665811191054414,1.62499072103953
"STATE","MD",1434,2015,895281,253057,14.0563591469155,71123,63692.2399778366,0,NA,NA,0.384115154906672,0.347003901568334,0.0625412579960928,0.157893443511032,0.0484462420178692,0.615884845093328,0.0794420969505664,2.16912541411317,0.695227684105385,1.85080200752219
"STATE","MD",1414,2017,902989,259797,14.3849743233251,70954,62773.0699898303,3273,19,16.8711340206186,0.36646958047108,0.341558978016343,0.0654459799621036,0.177214783347305,0.0493106782031675,0.63353041952892,0.0785768154429345,1.88544361827831,0.58855454656985,1.75378428922696
"STATE","MD",1406,2020,883399,267917,13.6538134695946,81324,64699.7999472618,3513,19,16.6492890995261,0.344055177784897,0.335583354746836,0.0675855417540658,0.199340275458768,0.0534356502554338,0.655944822215103,0.0920580620987798,1.90054701789732,0.608573662416249,1.78700729917765
"STATE","MD",1406,2021,874324,270897,13.7541833316016,74120,63567.8599681854,3493,18,16.0229357798165,0.338319661818731,0.331262781303041,0.0674040744620987,0.208111638248521,0.0549018441676083,0.661680338181269,0.0847740654494215,1.89912928523049,0.586850911838875,2.0088003910354
"STATE","ME",595,2011,181755,52881,NA,8236,0,0,NA,NA,0.9135154466177,0.0316524992434871,0.01669280074826,0.016593766333801,0.0215454870567522,0.0864845533823003,0.0453137465269181,1.58614155624625,0.49254775796572,0.907842770676077
"STATE","ME",573,2013,175355,50741,12.2421097018135,7898,14323.92,0,NA,NA,0.905648541530039,0.0337543839639588,0.0161843118245844,0.0181859656126144,0.0262267970688033,0.094351458469961,0.0450400615893473,1.63647058920967,0.48615115800025,1.37839996832473
"STATE","ME",589,2015,178460,51465,12.0254281951137,8428,14840.2199991941,0,NA,NA,0.898257312563039,0.0350778886024879,0.0158747058164295,0.02031827860585,0.0304718144121932,0.101742687436961,0.0472262691919758,1.51419343801822,0.511181095014813,0.998798609653113
"STATE","ME",579,2017,176381,50475,11.8537450410206,7845,14879.7700127363,866,4,8.32692307692308,0.892743549475284,0.0376797954428198,0.0150866589938826,0.0218731042459222,0.0326168918420918,0.107256450524716,0.0444775797846707,1.36293342182684,0.530351399109441,1.21416228316957
"STATE","ME",570,2020,167150,50995,11.114975326827,7292,15038.2699992657,719,7,7.9010989010989,0.877511217469339,0.0427041579419683,0.0142147771462758,0.0269997008674843,0.0385701465749327,0.122488782530661,0.043625486090338,1.44604454752914,0.455915765724749,1.45024816539986
"STATE","ME",567,2021,164590,51030,10.931622087201,7228,15056.319975853,757,1,8.0531914893617,0.873923081596695,0.0441035299835956,0.0147882617412966,0.0290479372987423,0.0381371893796707,0.126076918403305,0.0439151831824534,1.3589601552814,0.414419669245452,1.18302020022346
"STATE","MI",3626,2011,1590396,487354,NA,69490,0,0,NA,NA,0.693782554785098,0.184155392744952,0.0279326658266243,0.0593481120425353,0.0347812746007913,0.306217445214902,0.0436935203559365,2.85915341548535,0.445373692774534,1.9161533663337
"STATE","MI",3672,2013,1570033,483009,18.9296028893924,67604,82940.62,0,NA,NA,0.683007299846564,0.181335042002302,0.0302872614779435,0.0650693329375879,0.040301063735603,0.316992700153436,0.0430589675503636,2.69276881563784,0.474581631025552,1.73357991967751
"STATE","MI",3616,2015,1550246,476112,18.7372334956425,75995,82736.1200553179,0,NA,NA,0.672297170900618,0.18006884068722,0.0322310136584774,0.0722627247546518,0.0431402499990324,0.327702829099382,0.0490212521109553,2.44174138683033,0.470485033619044,1.75831226712453
"STATE","MI",3559,2017,1513688,472608,18.4160602593083,78640,82193.9100267068,3770,1,7.93684210526316,0.667481013260328,0.177054320309073,0.0335630592301716,0.0762812415768639,0.0456203656235631,0.332518986739672,0.0519525820380422,2.62260834540085,0.48365532400003,1.69542129247946
"STATE","MI",3498,2020,1435832,459543,17.3291789933263,70549,82856.3199995197,4299,2,9.0125786163522,0.650148485338118,0.178630926180779,0.0357987564004702,0.0824804016068732,0.0529414304737602,0.349851514661882,0.0491345784186451,2.1624507159755,0.392875326214116,1.55616897797642
"STATE","MI",3411,2021,1407482,457955,16.655135136615,65919,84507.3899704218,4173,2,8.73012552301255,0.64443523966914,0.178688608451121,0.0356523209533053,0.0843811856918952,0.0568426452345394,0.35556476033086,0.0468347019713218,2.44434018694362,0.429326977945306,1.68491936075062
"STATE","MN",2077,2011,882450,257409,NA,44802,0,0,NA,NA,0.725224092016545,0.0960541673749221,0.0622811490736019,0.0742297013995127,0.0422108901354184,0.274775907983455,0.0507700152983172,1.82136598235922,0.857810835626348,2.0284292627603
"STATE","MN",2056,2013,859347,255665,14.9978245355737,43326,57298.11,0,NA,NA,0.70709503844198,0.0970527621554506,0.0637088393861851,0.0808160149508871,0.0513273450654974,0.29290496155802,0.050417351779898,2.08257951303336,0.805034039118121,2.02601829366873
"STATE","MN",2170,2015,883191,262829,14.6667612192373,46681,60217.1799757387,0,NA,NA,0.684037767595005,0.104711211957549,0.0664295718593147,0.0871147917041727,0.0577066568839583,0.315962232404995,0.0528549317191864,1.69731614277844,0.77175488412586,1.70792096317597
"STATE","MN",2232,2017,895560,268672,14.5677878228627,51559,61475.3599441163,1802,1,8.74757281553398,0.664632185448211,0.10959734691143,0.068597302246639,0.0919045066773862,0.0652686587163339,0.335367814551789,0.0575717986511233,1.62457352559386,0.745293883000225,1.55192463081095
"STATE","MN",2241,2020,884451,276686,13.9287307080963,48438,63498.3200217877,1758,2,8.66009852216749,0.637955070433523,0.116756044144899,0.0698455878279294,0.099710441844715,0.0771959102313186,0.362044929566477,0.0547661769843666,1.50968233244881,0.668360504699486,1.47462240613416
"STATE","MN",2214,2021,866975,277862,13.7056844723723,44304,63256.5999711752,1848,1,8.63551401869159,0.631153147437931,0.114859136653306,0.0707863548545229,0.102969520459067,0.0802318405951729,0.368846852562069,0.0511018195449696,1.60047838401043,0.751304284339999,1.64447970593267
"STATE","MO",2312,2011,924379,266492,NA,28884,0,0,NA,NA,0.745438829744077,0.162633508550064,0.0192897069275698,0.0473809984865515,0.0252569562917375,0.254561170255923,0.0312469236103373,1.52121425426252,0.378306752302907,1.13328079699567
"STATE","MO",2281,2013,906918,261268,13.7305136251712,30648,66051.28,0,NA,NA,0.752471557516777,0.14271080737178,0.0192476056269696,0.0521546600684957,0.0334153694159781,0.247528442483223,0.0337935733991386,1.24852903183548,0.41145432084163,1.05584751747526
"STATE","MO",2372,2015,932436,267746,13.7694413422032,33289,67717.7800338268,0,NA,NA,0.721255936064245,0.159887649125516,0.0198244169036803,0.058657108906134,0.0403748890004247,0.278744063935755,0.0357011097812611,1.41976939781458,0.362847987000956,1.16272227047695
"STATE","MO",2381,2017,927538,265736,13.5363750178829,36727,68521.8900019117,1838,1,7.88841201716738,0.714124919949371,0.15689060717728,0.0200821960933137,0.0634421446884117,0.0454601320916232,0.285875080050629,0.039596221394703,1.3159682422167,0.401698844774442,1.079910708937
"STATE","MO",2363,2020,891721,267622,13.0385303881463,36691,68391.2199806422,2200,2,8.97959183673469,0.700730385400815,0.153179077312298,0.0209157348542874,0.0704491651536747,0.0553368149903389,0.299269614599185,0.0411462778155948,1.1611658209625,0.361360839025675,1.09800290492261
"STATE","MO",2282,2021,882399,268058,12.8157333885969,34852,68852.7900233269,2259,1,9.65384615384615,0.695236508654248,0.15196866723557,0.0203422714667628,0.0738849432059646,0.058567609437454,0.304763491345752,0.039496871596636,1.393506828537,0.340913947010545,1.19081232851946
"STATE","MS",973,2011,495679,130957,NA,13280,0,0,NA,NA,0.46080023563637,0.497670871672998,0.0105269741102609,0.027186949618604,0.0038149689617676,0.53919976436363,0.0267915324232013,1.96040626779465,0.407549370432168,0.97310831014147
"STATE","MS",967,2013,495428,131290,14.9738833239538,11645,33086.14,0,NA,NA,0.45662134558402,0.494741920117555,0.0105767134679509,0.0316615128737173,0.00639850795675658,0.54337865441598,0.0235049290714291,2.41892335536007,0.447247150688685,1.21666981147554
"STATE","MS",978,2015,492340,135329,14.6884426587373,13742,33518.8700013161,0,NA,NA,0.444130072713978,0.495913393183572,0.0108685055043263,0.0372120892066458,0.0118759393914774,0.555869927286022,0.0279116058008693,2.03957544415423,0.399325138863456,1.29998527893814
"STATE","MS",960,2017,481374,133137,14.420205434991,13413,33381.9099991415,926,1,5.61212121212121,0.439878348228197,0.490130335248684,0.0109561380548181,0.039686397686622,0.0193487807816791,0.560121651771803,0.0278639893305413,2.05957670461471,0.405413515583141,1.31667908650263
"STATE","MS",930,2020,442882,127479,13.0717152506753,14030,33880.939991951,794,1,5.43835616438356,0.430227464651984,0.484957618507864,0.0117932090263321,0.0517609656748299,0.0212607421389896,0.569772535348016,0.0316788670571394,1.78020294074422,0.398276747822202,1.24514164514165
"STATE","MS",909,2021,436799,128262,12.8355302834385,15590,34030.4600086212,823,2,5.45033112582781,0.431921776377693,0.477734610198283,0.0115522242495976,0.0527244796805853,0.0260669094938404,0.568078223622307,0.0356914736526411,1.33057801077003,0.370384277703157,1.34813930351673
"STATE","MT",780,2011,142027,41800,NA,5200,0,0,NA,NA,0.801932027008949,0.0120329233173974,0.00982911699888049,0.0344300731551043,0.141775859519669,0.198067972991051,0.0366127567293543,1.52184612294094,0.645876338648675,1.56723870745566
"STATE","MT",794,2013,145265,40877,12.7498134901479,7260,11393.5,0,NA,NA,0.796502942897463,0.0111038446976216,0.00970639865074175,0.0384951640106013,0.144191649743572,0.203497057102537,0.0499776270953086,0.926791839992843,0.531306301343415,1.65372303099282
"STATE","MT",825,2015,148318,41822,12.8507201338818,4671,11541.6099996567,0,NA,NA,0.787672433554929,0.0103156730808128,0.00882563141358433,0.0412357232433016,0.151950538707372,0.212327566445071,0.0314931431114228,1.62141748411771,0.533579364164072,1.74619215755304
"STATE","MT",823,2017,148432,42049,12.9617954091146,5093,11451.4999901652,373,1,5.10958904109589,0.784008839064353,0.00941845424167295,0.00790934569365096,0.0422685135280802,0.156394847472243,0.215991160935647,0.0343120081923035,1.93107525577422,0.705087351089302,1.76718707110974
"STATE","MT",821,2020,148015,43545,12.2241079408894,5264,12108.4500166178,341,1,5.59016393442623,0.772908151200892,0.00799243319933791,0.00736411850150323,0.0481707935006587,0.163564503597608,0.227091848799108,0.0355639631118468,1.37427343173093,0.531983603245106,1.65511382138267
"STATE","MT",829,2021,155023,44679,11.8181284343731,5371,13117.3900216818,318,1,5.38983050847458,0.770253446262813,0.00712152390290473,0.0067151325932281,0.0523148178012295,0.163595079439825,0.229746553737187,0.0346464718138599,2.05713586569925,0.535712465025845,1.64334119023057
"STATE","NC",2535,2011,1497026,427059,NA,67871,0,0,NA,NA,0.522612833711639,0.263396894910309,0.0264791660265086,0.134112567183202,0.0533985381683418,0.477387166288361,0.0453372219320172,2.74030755941391,0.567446512321382,2.10957294690033
"STATE","NC",2587,2013,1531145,440731,15.7896164280608,70458,96971.64,0,NA,NA,0.511225912634009,0.260126245391521,0.0280907425488768,0.14701024396775,0.0535468554578436,0.488774087365991,0.0460165431752055,2.36745935998307,0.516729447752717,1.81484667811336
"STATE","NC",2618,2015,1554493,462341,13.5695472191333,74215,114557.470112793,0,NA,NA,0.494359897407065,0.257188034941296,0.0306575841769632,0.162467119504559,0.0553273639701176,0.505640102592935,0.0477422542269409,2.47630568733761,0.508130990349426,2.06376155859583
"STATE","NC",2661,2017,1558938,470877,12.4666749014907,79106,125048.42007339,5307,1,11.7933333333333,0.480909439631339,0.253231366481541,0.0334189044080008,0.175370669006721,0.0570696204723985,0.519090560368661,0.0507435189853605,2.64220407200637,0.537502829727041,2.09807144340049
"STATE","NC",2684,2020,1520247,462188,13.1235002102958,78916,115841.580038786,5333,6,11.7208791208791,0.456481084981585,0.251311135624672,0.0376445406568801,0.193497504024017,0.0612499153098148,0.543518915018415,0.0519099856799586,2.33390431563455,0.468481392787935,1.96914832510357
"STATE","NC",2721,2021,1507818,469329,13.8182220776247,70869,109118.089977838,4962,1,10.5574468085106,0.449597365199248,0.248904708658472,0.0382579329866071,0.198349535554026,0.0648904576016469,0.550402634800752,0.047001030628365,2.48057443901889,0.432511727413392,2.23546454836446
"STATE","ND",468,2011,101705,28171,NA,2490,0,0,NA,NA,0.820411975812399,0.0307556167346738,0.0133425102010717,0.0297428838306868,0.105747013421169,0.179588024187601,0.024482572144929,1.71698883648737,0.463223213825713,2.52407020476389
"STATE","ND",451,2013,104655,29497,11.8713396560936,2234,8815.77,0,NA,NA,0.808475467010654,0.034742726100043,0.0153169939324447,0.0348573885624194,0.106607424394439,0.191524532989346,0.0213463284124027,1.61303277170058,0.423141082737237,2.63633488313249
"STATE","ND",481,2015,111077,30596,11.648859418349,2774,9535.43999552727,0,NA,NA,0.780602645012019,0.0480117396040584,0.0174563591022444,0.0431952609451101,0.110733995336568,0.219397354987981,0.0249736669157431,0.82937818254234,0.456759537779521,1.58520897280856
"STATE","ND",483,2017,114896,30794,12.2047235622945,3506,9414.06000828743,196,1,5.15789473684211,0.768207770505501,0.0569210416376549,0.0184253585851553,0.0496971173931207,0.106748711878568,0.231792229494499,0.0305145522907673,1.54220043552598,0.632804489171818,1.98317703136299
"STATE","ND",483,2020,118609,32534,11.3776349466877,3923,10424.7500078678,233,1,5.54761904761905,0.748678430810478,0.0543550658044499,0.0165417464104748,0.0539925300778187,0.126432226896778,0.251321569189522,0.0330750617575395,1.44227837926387,0.527366731707588,2.14702311105481
"STATE","ND",489,2021,116933,33097,10.7870676663667,3975,10840.1099925041,230,1,5.75,0.746282058956839,0.0569214849529218,0.0159407523966716,0.0520982100861177,0.12875749360745,0.253717941043161,0.033993825524018,1.28787722556906,0.39599496196621,2.00215718731117
"STATE","NE",1073,2011,302946,87481,NA,10498,0,0,NA,NA,0.695737854271058,0.0677975612815485,0.0214889782337446,0.163890594363352,0.0510850118502967,0.304262145728942,0.0346530404758604,1.48561314259893,0.493278651017647,1.69202027030568
"STATE","NE",1050,2013,307061,88111,13.1443125755808,11629,23360.75,0,NA,NA,0.685518512608244,0.067279791311824,0.0239138151702756,0.172584600453981,0.0507032804556749,0.314481487391756,0.0378719537811705,1.56185701640402,0.574209039456109,1.67627381091896
"STATE","NE",1064,2015,318350,91164,13.1262166042559,12967,24252.9899968877,0,NA,NA,0.672081042877336,0.0696843097220041,0.02606250981624,0.18003141196796,0.0521407256164599,0.327918957122664,0.0407318988534632,1.3950444510058,0.54558361402444,1.58253029758945
"STATE","NE",1055,2017,325303,94731,12.8421413994466,14391,25330.9000330754,588,1,8.64705882352941,0.662696009566466,0.0681426239536678,0.0275527738754331,0.188722514086867,0.0528860785175667,0.337303990433534,0.0442387558676065,1.50172492651827,0.516733280881196,1.28698628985714
"STATE","NE",1047,2020,325052,97571,12.4113731332077,16363,26189.8499474078,699,1,6.78640776699029,0.647511782730148,0.0672661604912445,0.0292383987792722,0.198928171492561,0.0570554865067743,0.352488217269852,0.0503396379656178,1.48732348166269,0.455505499682795,1.33666757290608
"STATE","NE",994,2021,319188,97418,12.0609326771047,14517,26464.6199879646,624,1,7.34117647058823,0.642448964246776,0.0647079464140256,0.0288262716643483,0.203876712157099,0.0601401055177513,0.357551035753224,0.0454810331215459,1.56119793770957,0.404531161218361,1.47759205968317
"STATE","NH",478,2011,189453,59837,NA,7471,0,0,NA,NA,0.886541780811072,0.0213245501522805,0.0297012979472481,0.0414192438230062,0.0210131272663932,0.113458219188928,0.0394345827197247,1.55307497995092,0.478287307911395,1.77929543462393
"STATE","NH",482,2013,187327,58588,12.3884751542054,7911,15121.07,0,NA,NA,0.876675545970415,0.0199864408227324,0.0307110026851442,0.0477240333747938,0.0249029771469142,0.123324454029585,0.0422309651038024,1.68919082820129,0.497521397246191,1.73710968168326
"STATE","NH",483,2015,183397,57210,12.1493024257884,7762,15095.269964695,0,NA,NA,0.860608406898695,0.0202129805831066,0.0321815514975708,0.0539703484789828,0.0330267125416446,0.139391593101305,0.0423234840264563,1.3310747039069,0.423812132562519,1.50854777914662
"STATE","NH",491,2017,179099,55890,11.8590781616273,8033,15102.2699706554,672,6,9.33333333333333,0.854934980094808,0.021261983595665,0.0333223524419455,0.0607038565262788,0.0297768273413029,0.145065019905192,0.0448522883991535,1.56022701487861,0.470659494076018,2.1933431393591
"STATE","NH",493,2020,168706,54573,11.1079068116627,6863,15187.9199979305,615,5,8.66197183098592,0.835453392291916,0.0223406399298187,0.0332946071864664,0.0709755432527592,0.0379358173390395,0.164546607708084,0.0406802366246607,1.62968068620031,0.422525787349361,1.68146740005648
"STATE","NH",480,2021,166776,54459,10.8161744501645,6740,15419.1300046444,583,4,8.2112676056338,0.834274715786444,0.0216937688876097,0.0320909483378903,0.0745910682592219,0.0373494987288339,0.165725284213556,0.0404134887513791,1.59428058813233,0.371154196677724,1.73826731206829
"STATE","NJ",2538,2011,1363576,386445,NA,67272,0,0,NA,NA,0.511540244181476,0.163995259523488,0.0903257317523922,0.218419802049904,0.0157189624927397,0.488459755818524,0.0493349838952871,2.47701597730572,0.503366202849084,2.15990414741145
"STATE","NJ",2468,2013,1337765,389140,11.5838893653338,66344,115484.96,0,NA,NA,0.501105949101673,0.152266653709732,0.0960736751223122,0.230642153143489,0.0199115689227929,0.498894050898327,0.049593164718766,2.39018454152597,0.509388923684803,2.09392901733506
"STATE","NJ",2577,2015,1373188,397089,11.4746940725457,76843,119670.990034103,0,NA,NA,0.465001878839605,0.158678199926012,0.0979596384471755,0.253944834938843,0.0244154478483645,0.534998121160395,0.0559595627110053,2.18300748154715,0.548196211301488,1.90417103439229
"STATE","NJ",2561,2017,1372521,399057,11.3815478472454,84266,120591.769979,5796,16,14.7106598984772,0.442321101097907,0.154500368300376,0.102499706744013,0.273710201883978,0.0269686219737257,0.557678898902093,0.0613950533361603,2.14386398114393,0.570782778412856,1.90537751107763
"STATE","NJ",2553,2020,1344876,401671,11.2330395713263,88813,119725.030029535,6118,11,15.1061728395062,0.412268491667633,0.149529770774406,0.105524970331837,0.297011025551798,0.0356657416743254,0.587731508332367,0.0660380585273289,1.79074908989,0.519466078469996,1.77338263739374
"STATE","NJ",2491,2021,1318795,401243,10.9506846196355,87938,120430.369954705,6317,13,15.7925,0.403965741453372,0.14802528065393,0.104524205809091,0.304853294105604,0.0386314779780026,0.596034258546628,0.0666805682460125,2.00574086296191,0.516527770391313,1.87101847839908
"STATE","NM",853,2011,329345,92046,NA,15368,0,0,NA,NA,0.258185185747468,0.0213514703426498,0.0129408371160941,0.59003476597489,0.117487740818898,0.741814814252532,0.0466623145941186,1.62913978152465,0.628589259942382,1.85264276523569
"STATE","NM",872,2013,338193,94135,14.8872931109848,16472,22716.89,0,NA,NA,0.24560236314767,0.0197106385998527,0.0126554955306585,0.603120111888774,0.118911390833045,0.75439763685233,0.0487059164441606,1.34318135029215,0.574690273162531,1.65496217375453
"STATE","NM",880,2015,340244,92215,15.4622416937297,18189,22004.8300071508,0,NA,NA,0.236256921503392,0.0204059439696218,0.0123675950200444,0.608883624692867,0.122085914814075,0.763743078496608,0.0534586943487615,1.29773975028779,0.580327314587476,1.36528240317936
"STATE","NM",866,2017,332026,94074,15.2148191606799,18256,21822.5400179625,883,2,8.74257425742574,0.228506201321583,0.0198147133055845,0.0115292175913934,0.616996861691554,0.123153006089885,0.771493798678417,0.0549836458590592,1.38044485824631,0.576443886742458,1.31234797763153
"STATE","NM",879,2020,311132,96070,13.9590934419768,17949,22288.8399804235,829,1,7.82075471698113,0.215426249951789,0.0204382705732615,0.0127373590630343,0.638513556946891,0.126843269094789,0.784573750048211,0.0576893408585424,1.42611903627527,0.589037530181224,1.25743764886699
"STATE","NM",859,2021,306575,99989,14.1591215777919,16113,21652.1200355291,823,1,8.39795918367347,0.216400554513577,0.0190948381309631,0.0125091739378619,0.62206311669249,0.129932316725108,0.783599445486423,0.0525581016064584,1.49215244143796,0.566760846386197,1.38588888761766
"STATE","NV",649,2011,442422,129145,NA,15167,0,0,NA,NA,0.373778880797067,0.0963582281170466,0.0561997369027761,0.396332008806072,0.0773311453770382,0.626221119202933,0.0342817490992763,2.13290779820852,0.554310638705945,1.78111567401797
"STATE","NV",651,2013,453609,132398,18.5192942231237,19698,24493.86,0,NA,NA,0.35981428939902,0.0992264262834291,0.0559005663467877,0.404980941736165,0.0800777762345985,0.64018571060098,0.0434250643175069,2.17256967924489,0.577476182651486,1.59373503226484
"STATE","NV",658,2015,471356,136906,18.3822356570049,24168,25641.9300021529,0,NA,NA,0.339887473586843,0.104689449163689,0.0547866156365889,0.415859774777451,0.084776686835428,0.660112526413157,0.0512733475334991,1.99777022735441,0.579974956531017,1.36946970465151
"STATE","NV",704,2017,485369,141942,19.4423603713604,26327,24964.5100044012,1097,1,12.6091954022988,0.323271572762167,0.110740488164675,0.054713012161881,0.426009901744858,0.0852650251664198,0.676728427237834,0.0542412061750956,2.15667055007494,0.594090553187961,1.35226538936535
"STATE","NV",729,2020,473375,147189,17.4345158303116,26809,27151.599998951,1181,18,12.6989247311828,0.305136519672564,0.120025349881172,0.0560950620543966,0.443020860839715,0.0918531819382097,0.694863480327436,0.0566337470293108,1.87939153981996,0.541099350145602,1.24572529563268
"STATE","NV",727,2021,476867,148440,18.1856282810598,25852,26222.1899969578,1213,16,13.1847826086957,0.293654205470288,0.120612246181849,0.0547825704022296,0.435205203966724,0.0957457739789082,0.706345794529712,0.0542121807548017,1.98296021230614,0.552043462155822,1.36151105115391
"STATE","NY",4864,2011,2753889,522117,NA,137260,0,0,NA,NA,0.482024511518075,0.185614598119242,0.0831903537143291,0.23074967800082,0.0184208586475345,0.517975488481925,0.0498422412813298,1.10879303369243,0.246759541480468,0.853930374843388
"STATE","NY",4894,2013,2738341,521540,12.8638844487864,145285,212870.46,0,NA,NA,0.465554509098757,0.180074724075636,0.0861466851644846,0.244467361807751,0.0237567198533711,0.534445490901243,0.0530558465874046,1.06163295267354,0.244894142398514,0.809613178070895
"STATE","NY",4916,2015,2731958,523468,12.5348309088239,151912,217949.330140293,0,NA,NA,0.447570204227151,0.175885939681357,0.0887158587357492,0.25745271340189,0.0303752839538529,0.552429795772849,0.0556055400558867,1.05952376171165,0.25602336405214,0.891535596459893
"STATE","NY",4873,2017,2705536,523615,11.8101437768557,175333,229085.780081868,8757,5,8.54341463414634,0.434722731466149,0.17096316589393,0.092816728367318,0.268262554998344,0.0332348192742584,0.565277268533851,0.0648052733358566,0.869431451391836,0.247210285215559,0.784455399213884
"STATE","NY",4877,2020,2561406,511746,11.2208648205088,173385,228271.70997715,8740,5,8.59390363815143,0.415996917318067,0.165963146802967,0.0946433326071697,0.283958107383211,0.0397789339136396,0.584003082681933,0.067691338272808,0.713241100163752,0.296514137422583,0.743106222344909
"STATE","NY",4879,2021,2488446,508207,10.8374133705908,191339,229616.229897887,9104,5,8.92549019607843,0.413933434762096,0.160732039192331,0.098109824364282,0.285001161367375,0.0422235403139148,0.586066565237904,0.0768909592573035,0.727647780826524,0.237433257079391,0.746816659722224
"STATE","OH",3702,2011,1784779,510996,NA,94124,0,0,NA,NA,0.742230270526491,0.156925871494454,0.0179669303594451,0.0374276030813899,0.0454493245382201,0.257769729473509,0.0527370615633644,2.41549750163505,0.474904481749539,1.48492379449197
"STATE","OH",3607,2013,1768536,508020,16.4546829949128,59158,107479.19,0,NA,NA,0.732688506199478,0.15563268149475,0.0193617771987678,0.0448800589866421,0.0474369761203617,0.267311493800522,0.0334502662088869,2.20687553288739,0.376616961958305,1.50158265648664
"STATE","OH",3631,2015,1760243,519525,16.3272913969507,59443,107809.860019326,0,NA,NA,0.716362456774434,0.160540334487909,0.0213737535101688,0.0505708586825796,0.0511525965449089,0.283637543225566,0.0337697692875359,2.29026592485822,0.363554334809347,1.7137678371872
"STATE","OH",3592,2017,1732939,505820,15.978543185032,64662,108454.130012512,3430,2,6.77865612648221,0.703398677045182,0.162702784114155,0.0238011840001293,0.0568935201989222,0.0532038346416117,0.296601322954818,0.0373134888187063,1.94323996764601,0.403417288361687,1.66748975782534
"STATE","OH",3514,2020,1668109,502701,15.2253167753751,57616,109561.529957652,3621,1,7.12795275590551,0.680749279573457,0.166954317733433,0.0266895029041867,0.0651672043013976,0.0604396954875251,0.319250720426543,0.034539709335541,2.05123080815862,0.387043020667159,1.70712056041396
"STATE","OH",3534,2021,1668923,533516,15.1333889835712,62520,110280.849967696,3614,1,7.21357285429142,0.675475141753095,0.167950228980007,0.0268706225511902,0.0680576635351062,0.0616463431806021,0.324524858246905,0.0374612849124855,1.77930278844133,0.34173818170422,1.6347572640205
"STATE","OK",1774,2011,660402,169905,NA,25373,0,0,NA,NA,0.532902686545468,0.0974603347657942,0.0194442173100627,0.132083185695985,0.21810957568269,0.467097313454532,0.0384205377936469,1.45038494827147,0.437598773798141,1.59587689905041
"STATE","OK",1811,2013,686587,175567,15.2913303018837,25588,44900.41,0,NA,NA,0.51666576850421,0.0915674197152,0.01925611757869,0.147834141922291,0.224676552279609,0.48333423149579,0.0372684015281385,1.40698513001292,0.40338057957225,1.25685552160166
"STATE","OK",1815,2015,697577,185662,15.6163210304651,27028,44669.7399879992,0,NA,NA,0.50100562375193,0.0893120042661957,0.0199461851523201,0.158270699865391,0.231465486964163,0.49899437624807,0.0387455435027244,1.19409299149811,0.397085407016492,1.1253932297274
"STATE","OK",1816,2017,693996,190645,16.2038578541479,27327,42829.0599835366,1656,1,6.04379562043796,0.488743450970899,0.0857368053994547,0.0203142381224099,0.171993786707704,0.233211718799532,0.511256549029101,0.0393763076444245,1.07764603382259,0.401983000979792,1.04082199959179
"STATE","OK",1792,2020,675107,196371,14.3024386961495,22962,47202.229937315,1638,1,6.02205882352941,0.480817114916598,0.0821973405697171,0.0208544719577785,0.188451608411704,0.24131433980095,0.519182885083402,0.0340123861847085,1.26452854599004,0.34575385210901,1.28233897208862
"STATE","OK",1800,2021,670456,199244,14.8077014857102,24622,45277.5199882984,1635,1,6.43700787401575,0.463945434152278,0.0795622680682998,0.0215793430143067,0.191402567804599,0.243510386960516,0.536054565847722,0.0367242593100815,1.10929363550787,0.365546904837218,1.07895701655967
"STATE","OR",1312,2011,560927,170173,NA,24263,0,0,NA,NA,0.651553588969688,0.0262636671081977,0.0400230333002334,0.207868403553404,0.0742913070684777,0.348446411030312,0.0432551829382433,1.36064806104753,0.483999145808207,1.57012357983732
"STATE","OR",1309,2013,567168,172880,21.1457528640839,23155,26821.84,0,NA,NA,0.640540368991198,0.0245359399684044,0.0398506262694651,0.215807309298127,0.0792657554728052,0.359459631008802,0.0408256460167005,1.42066992446722,0.4659847310081,1.71787694109199
"STATE","OR",1283,2015,575015,175225,19.8544345117942,26958,28961.5400357246,0,NA,NA,0.630567898228742,0.0241802387763797,0.0401641696303575,0.224468926897559,0.0806187664669617,0.369432101771258,0.0468822552455153,1.39426326723114,0.501829940034846,1.38159512468204
"STATE","OR",1289,2017,581643,174644,19.446068753096,28734,29910.5699658394,1064,2,7.28767123287671,0.620901480805236,0.023418144807038,0.0408876235078906,0.231724614583172,0.0830681362966631,0.379098519194764,0.0494014369639109,1.52127714642077,0.517941394075754,1.2094889730587
"STATE","OR",1310,2020,549129,174717,16.4846476516292,24939,33311.540022254,1073,2,7.34931506849315,0.603182494459408,0.0237812972908005,0.0418335218136358,0.248387901567755,0.0898568460234298,0.396817505540592,0.0454155580929071,1.35046476099556,0.530623797504116,1.22068174726152
"STATE","OR",1322,2021,549116,173905,17.2494481383856,26333,31833.8300213814,1120,1,7.46666666666667,0.592148107139475,0.0233284041987485,0.0409166733440657,0.248371928699947,0.0952348866177638,0.407851892860525,0.0479552589980988,1.46819159899218,0.556380037706022,1.35289502010517
"STATE","PA",3220,2011,1762706,548823,NA,75557,0,0,NA,NA,0.709115984174332,0.151337205410318,0.0327933302547333,0.0826955828141505,0.0240578973464662,0.290884015825668,0.0428642099136214,2.29183874834414,0.49572777558911,2.57064995616337
"STATE","PA",3056,2013,1743591,528135,14.5120606533357,76331,120147.72,0,NA,NA,0.6884045627673,0.149607906900185,0.0350953864753833,0.0951392843849274,0.0317528594722042,0.3115954372327,0.0437780419834697,2.04302543613855,0.441777057060806,2.31847435348458
"STATE","PA",3027,2015,1728394,528699,14.2183909287854,84786,121560.450029604,0,NA,NA,0.673070492029017,0.148285633946889,0.0368891583747687,0.10386289237292,0.0378918232764057,0.326929507970983,0.0490547872765122,2.06439483212608,0.498403281277356,2.26525190741803
"STATE","PA",3006,2017,1720164,532281,13.9737703276509,92654,123099.489949122,5948,5,10.2906574394464,0.657547187361205,0.147184803309452,0.0391201071525738,0.114188530861011,0.0419593713157583,0.342452812638795,0.0538634688320416,2.24834510362237,0.505421228397382,2.15768179463976
"STATE","PA",2933,2020,1689202,537118,13.5009887940069,79224,125116.910011053,6342,5,10.8040885860307,0.630190468635486,0.14766617609972,0.0431730485755996,0.130813839907838,0.0481564667813559,0.369809531364514,0.0469002523084865,2.18467803733476,0.436195371298948,2.47283049626288
"STATE","PA",2947,2021,1686395,537762,13.2000182838986,84446,127757.020007849,6286,4,10.7452991452991,0.625079533561236,0.143956783553082,0.0434370358071508,0.136502420844464,0.0510242262340673,0.374920466438764,0.0500748638367642,2.15488744090477,0.432645805151685,2.58572812639711
"STATE","PR",1099,2017,348330,102778,14.338108174858,6984,24294,423,3,2.76470588235294,0.00133781184508943,0.000172250452157437,0.000149283725203112,0.997588493669796,0.000752160307754141,0.998662188154911,0.0200499526311257,0.956521739130435,NA,1.76099909485315
"STATE","PR",841,2020,276436,87197,13.743462265089,8090,20114,327,3,2.38686131386861,0.00162786323054884,0.000249605695350823,0.000173638744591877,0.997402653778813,0.000546238550695278,0.998372136769451,0.0292653634114225,0.6,0.375,0.808430340557276
"STATE","PR",844,2021,259563,83614,11.2603791592556,8122,23051,320,3,2.31884057971015,0.00212279870397553,0.00023115775360895,0.000154105169072634,0.996979538686176,0.000512399687166507,0.997877201296024,0.0312910545801983,1.10891089108911,0.435643564356436,0.815514197934291
"STATE","RI",291,2011,137587,42263,NA,5549,0,0,NA,NA,0.621693910035105,0.0849789587679069,0.0293923117736414,0.2167792015234,0.0471556178999469,0.378306089964895,0.0403308452106667,1.4453866064717,0.520095103526381,1.14564517838352
"STATE","RI",293,2013,140978,41940,12.3060405027933,5164,11456,0,NA,NA,0.606002354977372,0.0812254394302657,0.0295578033452028,0.230035892125012,0.0531785101221467,0.393997645022628,0.0366298287676091,1.63218083391577,0.584477219396192,1.59284850567014
"STATE","RI",308,2015,141895,41953,12.1492102350229,5885,11679.359995842,0,NA,NA,0.592325310969379,0.084245392719969,0.0317276859649741,0.239930934846189,0.0517706754994891,0.407674689030621,0.0414743296099228,1.25885602959906,0.603945558372232,1.41007404073977
"STATE","RI",312,2017,142232,43294,12.4264692672768,6804,11445.8899741173,576,9,12.5217391304348,0.571411496709601,0.0855292761122673,0.0332344338826706,0.255392598008887,0.054432195286574,0.428588503290399,0.0478373361831374,1.76499832132959,0.650801678146346,1.59994742868119
"STATE","RI",307,2020,137363,43999,12.6469545694842,8471,10861.349998951,514,12,10.078431372549,0.54141945065265,0.0889322452188726,0.0329055131294453,0.2772580680387,0.0594847229603314,0.45858054934735,0.0616687171945866,2.2378133631444,0.861613566041865,2.7487678299688
"STATE","RI",298,2021,135147,43903,12.3272752079524,11460,10963.2500061989,527,12,10.1346153846154,0.53157672756332,0.088814402095496,0.0324461512279222,0.286451049597845,0.0607116695154165,0.46842327243668,0.0847965548624831,1.90221426893653,0.766709252085209,2.07849350353832
"STATE","SC",1219,2011,743613,198437,NA,23198,0,0,NA,NA,0.530157487833053,0.358557475461026,0.0141162136756619,0.0655596392209389,0.0316091838093202,0.469842512166947,0.0311963346525679,3.23718933201144,0.441383234319109,1.67168846084825
"STATE","SC",1226,2013,747065,210932,15.305183806025,26641,48811.24,0,NA,NA,0.52477629121964,0.350404583269193,0.014759090574448,0.0740698600523381,0.0359901748843809,0.47522370878036,0.0356608862682631,3.24758226074885,0.414150863472668,1.71199847699415
"STATE","SC",1236,2015,767540,220773,15.1147201554411,29742,50780.9600248337,0,NA,NA,0.514655913698309,0.344651744534487,0.0155939755582771,0.0838379758709644,0.0412603903379628,0.485344086301691,0.0387497719988535,3.05106412597951,0.462795145451752,1.67628628663467
"STATE","SC",1243,2017,780670,224068,14.9457466051672,33288,52233.5899720192,1868,1,9.88359788359788,0.508710466650441,0.338342705624656,0.0159363111173735,0.0905542674881832,0.0464562491193462,0.491289533349559,0.0426402961558661,3.05234544102017,0.4628235585258,1.81618955126147
"STATE","SC",1249,2020,766747,228706,14.4980159289147,30066,52886.3400177956,1899,1,10.1010638297872,0.491199835147708,0.327169196618963,0.0171438557959796,0.109454618016112,0.0550324944212367,0.508800164852292,0.0392124129602072,3.66926127451348,0.474916700319652,1.93136707739776
"STATE","SC",1230,2021,759196,234318,13.975842571767,28336,54322.0200214386,1835,3,9.91891891891892,0.489454633586057,0.318915010089621,0.0173130522289369,0.115249553474992,0.0590677506203932,0.510545366413943,0.0373236950668865,3.57159230485621,0.439668038089443,2.28264149925424
"STATE","SD",668,2011,129110,36604,NA,3957,0,0,NA,NA,0.787235690496476,0.0280768337076911,0.0162032375493765,0.0402679885369065,0.12821624970955,0.212764309503524,0.0306482844086438,1.60952843947496,0.668622833321144,1.61073782734243
"STATE","SD",687,2013,135664,36473,13.7737919859322,3993,9849.43,0,NA,NA,0.761388430239415,0.0278334709281755,0.0177792192475528,0.0450377402995636,0.147961139285293,0.238611569760585,0.0294330109682746,1.37803933682126,0.729833926453144,1.58510640082819
"STATE","SD",688,2015,137870,36911,13.6289181689631,3549,10115.9900067467,0,NA,NA,0.751976499601073,0.0298179444404149,0.0176035395662581,0.0516210923333575,0.148980924058896,0.248023500398927,0.0257416406759991,1.22584175697115,0.78381069645178,1.5575014458146
"STATE","SD",698,2017,138768,37637,13.6674690593949,3733,10153.1599886529,222,1,4.44,0.733310273261847,0.0318156923786464,0.0174896229678312,0.0606407817364234,0.156743629655252,0.266689726738153,0.0269010146431454,1.39360732565924,0.697439075821821,1.56987386487306
"STATE","SD",696,2020,140077,40316,13.0923729045222,3558,10699.1300218478,222,1,5.04545454545455,0.721032003826467,0.0337600034266868,0.0172048230616018,0.0708681653661914,0.157135004319053,0.278967996173533,0.0254003155407383,1.18693420818949,0.634435151141595,1.85500883302904
"STATE","SD",695,2021,142518,41398,12.9499423247111,3738,11005.2999794483,198,1,4.71428571428571,0.711882007886723,0.0326906075022102,0.0166224617241331,0.0745169031280259,0.164288019758908,0.288117992113277,0.0262282659032543,1.4286552970181,0.510573503929966,1.90378535987667
"STATE","TN",1802,2011,982518,280197,NA,28166,0,0,NA,NA,0.681222125192617,0.23411072367122,0.0177869514858761,0.0524631609802568,0.0144170386700295,0.318777874807383,0.0286671592785069,1.9838555457258,0.320194981907354,1.56354204294688
"STATE","TN",1798,2013,989753,279939,14.917185193335,29249,66349.85,0,NA,NA,0.653188219687134,0.230686848132817,0.0183894365563934,0.0784529069373874,0.0192825886862682,0.346811780312866,0.0295518174736525,1.80773783620013,0.314870195402285,1.07084136372918
"STATE","TN",1818,2015,1000786,291337,14.5089433854726,33972,68977.180033803,0,NA,NA,0.64030272206046,0.225350874212869,0.0193487918496062,0.0897794333653748,0.0252181785116898,0.35969727793954,0.0339453189792823,2.04941394860544,0.361962715063803,1.31572312856444
"STATE","TN",1777,2017,989407,288749,14.4736988433179,36779,68358.9599804878,1874,1,8.63594470046083,0.634795387540213,0.211392278405146,0.0200675758307754,0.103546872015258,0.0301978862086078,0.365204612459787,0.0371727711649503,1.68184752848713,0.361401272066197,1.32446242517138
"STATE","TN",1829,2020,974570,293613,14.018928866775,34341,69518.1500142813,2089,1,8.06563706563707,0.605074032650297,0.213997968334753,0.0198805627097079,0.123269749735781,0.0409216372348831,0.394925967349703,0.0352370789168556,1.61082233915184,0.339037530032104,1.28331724084883
"STATE","TN",1825,2021,967245,297008,13.7395039076913,36624,70398.8300085962,2349,1,8.41935483870968,0.598970271234279,0.204521088245481,0.0206028462282048,0.131428955435283,0.0444768388567529,0.401029728765721,0.0378642432889289,1.63132265580539,0.30843746187314,1.36291630428217
"STATE","TX",8472,2011,5014251,1353304,NA,265191,0,0,NA,NA,0.303514323475231,0.127914617756471,0.0358115299772588,0.507414367569553,0.0253451612214865,0.696485676524769,0.052887460161049,1.45788499467277,0.496193392861388,1.26631432571445
"STATE","TX",8574,2013,5180948,1403978,15.7131943540267,283823,329719.59,0,NA,NA,0.293731571905373,0.125533589605609,0.0373765573404713,0.515919866402828,0.0274384147457183,0.706268428094627,0.0547820591907118,1.69547690828318,0.48689462578265,1.39331402411704
"STATE","TX",8616,2015,5312904,1489586,15.1796732292982,349188,350001.21015422,0,NA,NA,0.284045975609572,0.125330704262678,0.0404349485704993,0.522607221963732,0.027581149593518,0.715954024390428,0.0657245077268477,1.48720119475941,0.48182119980445,1.22493456006409
"STATE","TX",8758,2017,5397857,1547708,14.8305490735455,384870,363968.789910052,14485,1,12.0809007506255,0.275317593630213,0.125969250389553,0.0435787757993589,0.526853897759796,0.0282804824210793,0.724682406369787,0.0713005179648146,1.50796269793772,0.469017818192766,1.18975089282151
"STATE","TX",8795,2020,5329177,1610229,14.3125501424641,388352,372342.940073887,14708,1,12.2261014131338,0.263242335542618,0.127024867066716,0.0472373126281976,0.534117181696161,0.0324757462550034,0.736757664457382,0.0728727906766842,1.46856387983834,0.461884503035171,1.11831444601737
"STATE","TX",8792,2021,5246448,1635499,14.0170467578581,382352,374290.539985448,14633,1,12.043621399177,0.264236107934359,0.126351009292382,0.0482164313836714,0.526936510187464,0.0342599412021238,0.735763892065641,0.0728782597292492,1.53459974144818,0.431251972853028,1.17039560611226
"STATE","UT",981,2011,597785,160699,NA,29897,0,0,NA,NA,0.770358908303152,0.0143479679148858,0.0182774743427821,0.152581613790911,0.0444340356482682,0.229641091696848,0.0500129645273802,1.40707442963152,0.602923254181619,1.47904567874536
"STATE","UT",990,2013,631578,173850,23.4334111382334,30839,26952.03,0,NA,NA,0.758462137693207,0.0132683532358632,0.0173391093419973,0.162337826840074,0.0485925728888593,0.241537862306793,0.0488284899094015,1.26929512431318,0.561431130756036,1.49174003468199
"STATE","UT",1009,2015,665998,183805,23.2433911176157,35975,28653.2200327367,0,NA,NA,0.755976744674909,0.0141922348115159,0.0171246760500782,0.161620605467284,0.0510857389962132,0.244023255325091,0.0540166787287649,1.42113622490167,0.570525774949604,1.59813083665161
"STATE","UT",1029,2017,662394,192763,21.821132275973,35621,30355.6200302839,1532,1,9.39877300613497,0.742669770559516,0.0143464463748162,0.0170683913199697,0.172833691126429,0.0530817006192689,0.257330229440484,0.053776151354028,1.62998126019017,0.552486410423214,1.43725851328278
"STATE","UT",1060,2020,671631,204554,20.4804386671185,33820,32793.780002296,1750,1,10.233918128655,0.739641261347377,0.0143158966754066,0.0174485692292345,0.181510382933486,0.0577638614060399,0.260358738652623,0.0503550312597245,1.38138313393639,0.459988203766906,1.33739971709136
"STATE","UT",1043,2021,684212,209847,21.0532793868696,35228,32499.0699751377,1701,1,10.0058823529412,0.721500061384483,0.0148755064219862,0.0173104242544708,0.180511303514116,0.0658027044249443,0.278499938615517,0.0514869660280732,1.58938524806267,0.502295858480525,1.6147223518085
"STATE","VA",1984,2011,1274405,376609,NA,84158,0,0,NA,NA,0.534964159745136,0.239264597988865,0.0606118149253966,0.118053523016623,0.0471059043239786,0.465035840254864,0.0660370918193196,2.20952967517606,0.613283591658336,1.55244023170956
"STATE","VA",1969,2013,1277821,376124,13.9787283526354,84477,91411.82,0,NA,NA,0.521126981009077,0.232565437569112,0.0639862703774629,0.131182693037601,0.0511386180067474,0.478873018990923,0.0661101985332844,2.07662891948332,0.593551765153122,1.55384437354561
"STATE","VA",1971,2015,1287082,386506,13.9911668950392,88948,91992.469938755,0,NA,NA,0.504063455164473,0.22887974503567,0.0665194602985668,0.143701799885322,0.0568355396159685,0.495936544835527,0.0691082619444604,1.9744604078288,0.613886483761194,1.63638721872802
"STATE","VA",1982,2017,1294226,391435,13.7465806868382,91346,94148.9399788827,4800,22,15.8940397350993,0.489880438192402,0.223864301907086,0.0695365415313863,0.156913089367699,0.0598056290014263,0.510119561807598,0.0705796360141119,2.070298676312,0.597965882219074,1.71212200125075
"STATE","VA",1984,2020,1248416,394357,12.9430211578673,90857,96454.7600419521,4724,2,15.4885245901639,0.463237414451593,0.22098563299413,0.0744431343398354,0.174485908543306,0.0668479096711353,0.536762585548407,0.0727778240586471,1.97120909602396,0.574171708819286,1.78877639052767
"STATE","VA",1954,2021,1238267,395126,12.6624260494977,81803,97790.659954071,4445,3,14.866220735786,0.460810148376723,0.215245984912785,0.0744718223129583,0.180608059489593,0.0688639849079399,0.539189851623277,0.066062488946245,2.09011739929927,0.536103577657099,2.0001780701396
"STATE","VT",295,2011,79940,21741,NA,4214,0,0,NA,NA,0.915211408556417,0.0238428821616212,0.0210032524393295,0.0127220415311484,0.0272204153114836,0.0847885914435826,0.0527145359019264,1.30411039090831,0.439845371127839,1.70054331037741
"STATE","VT",307,2013,84343,22198,10.3621207560615,4338,8139.55,0,NA,NA,0.907378205660221,0.024009105675634,0.0223729295851464,0.0149271427385794,0.0313126163404195,0.0926217943397792,0.0514328397140249,1.30482669437966,0.756115502625681,1.05359077923357
"STATE","VT",306,2015,83429,23148,10.3922262335264,3816,8028.01999545097,0,NA,NA,0.897877236932002,0.0253149384506586,0.0233731676035911,0.0177036761797457,0.0357309808340026,0.102122763067998,0.0457394910642582,1.53780027699508,0.644833004125378,1.17362889271767
"STATE","VT",302,2017,83057,22153,10.3612600288099,3429,8016.10998749733,359,4,7.03921568627451,0.898370998230131,0.0241039286273282,0.0235862118785894,0.0182164056009728,0.0357224556629784,0.101629001769869,0.0412849007308234,1.61407358404754,0.714729571571311,1.22506024701275
"STATE","VT",298,2020,78255,21771,9.62932245526037,2938,8126.74000310898,351,1,7.16326530612245,0.885591974953677,0.0271548143888569,0.0230017251293847,0.0242029263305859,0.0400485591974954,0.114408025046323,0.037543926905629,2.36797566605706,0.7241982083424,1.27043773829728
"STATE","VT",296,2021,76538,21885,9.39273302475568,3412,8148.63999629021,334,1,6.68,0.885690767984531,0.0269147351642321,0.0212051529958975,0.0250333167838198,0.04115602707152,0.114309232015469,0.0445791632914369,2.20654209758734,0.766922755413533,1.19393384792531
"STATE","WA",2256,2011,1063323,324992,NA,53406,0,0,NA,NA,0.598454091560137,0.0481443550078386,0.0719941165572455,0.19626679757703,0.0851406392977487,0.401545908439863,0.050225566455348,1.32630833572644,0.564866045133333,1.77071376655603
"STATE","WA",2282,2013,1072558,326473,19.5469792847851,56270,54870.78,0,NA,NA,0.577056905081124,0.0459779331280919,0.0722226676785778,0.211077629368295,0.0936648647439113,0.422943094918876,0.0524633632866474,1.43183621483395,0.554393624942281,1.66937191483037
"STATE","WA",2305,2015,1097426,334581,19.2761277679175,63940,56931.8699903265,0,NA,NA,0.556247983918733,0.0448522269383084,0.0737653381640311,0.225616123547282,0.0995183274316446,0.443752016081267,0.0582636095736751,1.20875996274745,0.538563971422612,1.60845564598568
"STATE","WA",2339,2017,1120229,338260,18.5025205502379,67798,60544.6699523106,3135,1,11.2365591397849,0.540119029234201,0.0440624193803231,0.0770324638980066,0.234302093589793,0.104483993897676,0.459880970765799,0.0605215540751043,1.14112597015361,0.555032911668773,1.53851683043073
"STATE","WA",2404,2020,1085645,340595,17.3930366991746,57384,62418.3699935228,2649,1,9.88432835820896,0.507269871827347,0.0469260209368624,0.0844742065776566,0.250236495355296,0.112078994514782,0.492730128172653,0.0528570573253688,1.30145889759011,0.496076217037578,1.72069143234817
"STATE","WA",2354,2021,1069071,340344,16.4749976626048,60716,64890.5099650845,2793,1,9.46779661016949,0.500691722065232,0.0471689906470197,0.0850355121409149,0.253914847563913,0.11318892758292,0.499308277934768,0.0567932344998602,1.11168629290139,0.489940554563909,1.6594519193193
"STATE","WI",2242,2011,876664,265963,NA,44612,0,0,NA,NA,0.734162689468257,0.0987117071078543,0.0357993484390827,0.0972835658815692,0.0340426891032368,0.265837310531743,0.0508883677212706,2.73391804237985,0.824765085235684,1.71822006546213
"STATE","WI",2244,2013,874859,263732,14.9036041359993,47717,58701.17,0,NA,NA,0.721268227222901,0.0970453524510807,0.0366607647632361,0.105317542598293,0.0397081129644891,0.278731772777099,0.0545425034205512,2.46513762440493,0.829584575792183,1.64026546938543
"STATE","WI",2232,2015,870953,263390,14.2088907668451,55283,61296.3400374837,0,NA,NA,0.708343619001255,0.0947146401700207,0.0383591307452871,0.113192101066303,0.0453905090171341,0.291656380998745,0.0634741484328087,2.09121058303141,0.82077331051198,1.51736277448652
"STATE","WI",2235,2017,863601,261461,14.1572936350216,60779,61000.4300443176,3830,1,8.94859813084112,0.696810216755191,0.091832918211072,0.0399235295003132,0.120566094759038,0.0508672407743854,0.303189783244809,0.0703785660275984,2.24216781610338,0.837624984638914,1.47669076684526
"STATE","WI",2203,2020,820887,261058,13.3331914859934,59571,61567.179985553,4033,4,9.37906976744186,0.682071953874285,0.0903510470990526,0.03972897609537,0.129249214569119,0.0586499725297148,0.317928046125715,0.0725690624897215,2.03727444323607,0.771013097401943,1.37152353535267
"STATE","WI",2147,2021,793100,262324,12.9020251453346,55323,61470.969949767,4124,1,9.63551401869159,0.675245240196697,0.0895322153574581,0.041779094691716,0.132763838103644,0.0606796116504854,0.324754759803303,0.0697553902408271,2.02654767528348,0.750564061355213,1.49106669671868
"STATE","WV",733,2011,286313,79054,NA,8710,0,0,NA,NA,0.911237002860506,0.0518593287765487,0.00776073737483104,0.0129508614697901,0.0161920695183244,0.0887629971394942,0.0304212522658769,1.421714977153,0.270670347492913,0.699557555634827
"STATE","WV",730,2013,284899,79635,15.1741949366266,9566,18775.23,0,NA,NA,0.908423686990828,0.0470973924092398,0.00748686376575558,0.0146929262650975,0.0222991305690789,0.0915763130091717,0.0335768114314196,1.4872922516911,0.254582073202608,0.826125065427044
"STATE","WV",720,2015,279536,80010,14.6253999309706,10655,19113.0499897003,0,NA,NA,0.903286159922157,0.044827857592582,0.00718333237937153,0.016387871329632,0.0283147787762578,0.0967138400778433,0.0381167363058783,1.28473961911299,0.272698481201076,0.896752581278511
"STATE","WV",691,2017,271404,78280,15.0909866269917,11508,17984.5100064278,1244,8,11.1071428571429,0.900738382632533,0.0429065157477414,0.00676113837673726,0.017601067043964,0.0319928961990243,0.099261617367467,0.0424017332095327,1.38755177323948,0.330974083591652,1.00983151813422
"STATE","WV",678,2020,253715,77186,13.9683212623742,9285,18163.5999941826,1088,5,10.1682242990654,0.893041404725775,0.0409120469818497,0.0064008828803973,0.0199948761405514,0.0396507892714266,0.106958595274225,0.0365961807539956,1.3619247013441,0.281129038597869,1.13776466586909
"STATE","WV",676,2021,251853,76812,14.1285268165096,7914,17825.8500175476,914,3,8.78846153846154,0.891301672007084,0.0404759919476838,0.00624570682104243,0.0207978463627592,0.0411787828614311,0.108698327992916,0.0314230920417863,1.73956821095911,0.257721550509171,1.0886026264734
"STATE","WY",349,2011,94020,25660,NA,2557,0,0,NA,NA,0.797606892150606,0.0152414379919166,0.010391406083812,0.120357370772176,0.056402893001489,0.202393107849394,0.0271963412039991,1.17391138896439,0.408139952499566,1.81396588579156
"STATE","WY",360,2013,93896,26449,12.1249530283328,2364,7744.03,0,NA,NA,0.788308341143393,0.0127481468859163,0.00988327511289086,0.129430433671296,0.0596298031865042,0.211691658856607,0.0251767913436142,1.2750805862727,0.41590064863344,1.28053967951435
"STATE","WY",365,2015,95315,26819,12.2009915434235,2743,7812.06999945641,0,NA,NA,0.779646435503331,0.0127052405182815,0.00934795152914022,0.134511881655563,0.0637884907936841,0.220353564496669,0.0287782615537953,1.51122326948414,0.385105243015691,1.30017223517224
"STATE","WY",366,2017,94304,27302,12.3219887801177,3322,7653.3100039959,214,1,7.37931034482759,0.773646929080421,0.0113144723447574,0.00833474720054292,0.136081184255175,0.0706226671191042,0.226353070919579,0.0352265015269766,1.15855478351898,0.505602306011437,0.687219259198704
"STATE","WY",361,2020,94465,28216,12.1007824303187,3131,7806.51999521255,239,1,7.24242424242424,0.765362832795215,0.0107553061980628,0.00745249563330334,0.143471126872387,0.0729582385010321,0.234637167204785,0.0331445508918647,0.862705819864937,0.39963578420214,1.17690509460609
"STATE","WY",357,2021,93118,28804,11.9540365717404,3345,7789.66999483109,257,1,7.55882352941176,0.766940870723168,0.0102987607122146,0.00709852015721987,0.145986812431538,0.0696750359758586,0.233059129276832,0.0359221632767027,1.08165245472268,0.420483057279343,1.19233012027618
